scan_index,t,x,y,theta,true_x,true_y,true_theta,position_error_m,heading_error_rad,ess,beams,mean_log_likelihood
0,0.0,-2.598433823740747,11.973843572401242,0.07707635138613335,0.0,-12.0,3.141593,24.11424960413084,3.0645166486138664,1.4543084773795705,56,-299.3944533333334
2,0.4,-2.4600461528459285,11.984327802888973,0.05390909427279583,-0.13913,-12.0,3.141593,24.09636138393044,3.087683905727204,1679.1913873124645,56,-11.3686
4,1.0,-2.2511504628435794,11.994696324809919,0.03949177163253007,-0.347826,-12.0,3.141593,24.070066384011188,3.1021012283674696,1125.97792101704,56,-11.135966666666667
6,1.4,-2.111837354356336,11.999337190272268,0.030922302829033032,-0.486957,-12.0,3.141593,24.054280736250643,3.110670697170967,2368.978456896026,56,-8.820253333333334
8,1.8,-1.9746262823816298,12.002675910672632,0.02153630993147342,-0.626087,-12.0,3.141593,24.04052846900231,3.1200566900685263,1768.9126333386614,56,-9.408140000000001
10,2.3,-1.796015381039203,12.004931126309694,0.00463651839555214,-0.8,-12.0,3.141593,24.025585633198176,3.1369564816044475,1097.097032663775,56,-11.280220000000002
12,2.7,-1.6539413176316893,12.006208707754315,0.0066031642744202685,-0.93913,-12.0,3.141593,24.01684849725445,3.1349898357255794,2556.562932554256,56,-9.891813333333333
14,3.1,-1.515230931876998,12.008088821623708,0.009476561810846341,-1.078261,-12.0,3.141593,24.012065125439293,3.1321164381891533,2104.9862186497976,56,-10.10922
16,3.5,-1.3862226398085764,12.014373915492815,0.05305148102835678,-1.217391,-12.0,3.141593,24.01496738860376,3.088541518971643,699.0366317799975,56,-13.653393333333334
18,3.9,-1.245396775751406,12.020232580743489,0.03275003720719166,-1.356522,-12.0,3.141593,24.02048962965733,3.1088429627928083,1890.984376819669,56,-10.413773333333335
20,4.5,-1.035050959749657,12.02538512346715,0.02225550329643201,-1.565217,-12.0,3.141593,24.031233974999108,3.119337496703568,1418.739465287034,56,-10.936773333333335
22,5.1,-0.8260853063759119,12.02920825097868,0.015160945311830916,-1.773913,-12.0,3.141593,24.047894429777063,3.126432054688169,2550.3105461673513,56,-10.618013333333334
24,5.7,-0.6157312734627091,12.024899074883418,-0.02366051042013478,-1.982609,-12.0,3.141593,24.063751375827458,3.117931796759452,1018.3119881435293,56,-14.265273333333335
26,6.3,-0.40449489765680874,12.023472510133441,-0.00938075018420256,-2.191304,-12.0,3.141593,24.089830182327017,3.1322115569953843,2302.317220148122,56,-10.879800000000001
28,6.9,-0.2056570816446066,12.022837180869416,-0.006169497124370184,-2.4,-12.0,3.141593,24.12284906601827,3.135422810055217,1896.0218209082902,56,-10.92078
30,7.5,0.002357281943008842,12.023891460021051,0.004918404934559139,-2.608696,-12.0,3.141593,24.165366956121684,3.1366745950654407,1410.792617158672,56,-12.815573333333333
32,8.1,0.21722963581068305,12.025106451666108,0.003999263342432543,-2.817391,-12.0,3.141593,24.21600013249869,3.1375937366575672,2565.8832173076985,56,-9.720206666666668
34,8.7,0.28444224244466926,12.024218092929523,-0.005431418589097955,-3.026087,-12.0,3.141593,24.251240356767806,3.136160888590489,1032.4775780864002,56,-12.399553333333337
36,9.3,0.3635243315383681,12.030875359016019,0.06667929395708584,-3.234783,-12.0,3.141593,24.298781577946784,3.074913706042914,399.5101056563227,56,-14.928560000000003
38,9.9,0.6587441681686033,12.03992038928219,0.03412534957316767,-3.443478,-12.0,3.141593,24.387414767458225,3.107467650426832,1702.0275970310597,56,-10.168773333333334
40,10.5,0.7988393284699356,12.043417172564709,0.015200006712295709,-3.652174,-12.0,3.141593,24.45194121095903,3.126392993287704,902.6663655467925,56,-11.291313333333335
42,11.1,-3.8039945906844643,11.976147677855112,0.01005203811900357,-3.86087,-12.0,3.141593,23.976215136724598,3.1315409618809964,160.73894520591028,56,-14.186066666666665
44,11.7,-3.5904579915511023,11.98044439078428,0.01868429883315553,-4.069565,-12.0,3.141593,23.985229969817716,3.1229087011668444,2133.6348747259035,56,-8.547426666666668
46,12.3,-3.382945352882895,11.986037764122017,0.020532428215108374,-4.278261,-12.0,3.141593,24.002741462796706,3.1210605717848914,1119.1004134294922,56,-10.180826666666668
48,12.9,-3.1754726486612848,11.99132176670621,0.01930729475159953,-4.486957,-12.0,3.141593,24.027141139083476,3.1222857052484003,2294.173934187888,56,-8.839893333333334
50,13.5,-2.9678038009693335,11.991557254647319,-0.007766667147369484,-4.695652,-12.0,3.141593,24.053695743105962,3.1338256400322173,1179.713910560378,56,-11.906780000000001
52,14.1,-2.7602748750669077,11.99377201922861,0.0015747898861853116,-4.904348,-12.0,3.141593,24.08937826669211,3.1400182101138148,2351.6986857205816,56,-10.004993333333335
54,14.7,-2.551438353124454,11.996378206361248,0.0071932941595603175,-5.113043,-12.0,3.141593,24.132716079828718,3.1343997058404396,1851.803088373304,56,-10.202306666666667
56,15.3,-2.343438003819434,11.999787367995593,0.012992592458721424,-5.321739,-12.0,3.141593,24.183880386175645,3.1286004075412785,1450.404923338885,56,-10.517600000000002
58,15.9,-2.1264892123699672,12.01293755036611,0.06713757507200205,-5.530435,-12.0,3.141593,24.2530001592155,3.0744554249279976,590.4780607713202,56,-14.568993333333331
60,16.4,-1.9639168542990009,11.976361194159097,-0.33103410002708206,-5.69375,-11.9625,2.761086,24.227685208620034,3.092120100027082,2034.593450610529,56,-10.55048
62,16.8,-1.834210975067158,11.92953842703772,-0.3468015039279203,-5.81875,-11.9125,2.761086,24.172698392971277,3.1078875039279206,1384.71633381548,56,-11.43566
64,17.2,-1.7080461478620297,11.885847537014646,-0.32228267973201963,-5.94375,-11.8625,2.761086,24.123125789620342,3.0833686797320197,1797.247391276995,56,-10.479186666666669
66,17.6,-1.5753919864524955,11.83897975967557,-0.34030392267707055,-6.06875,-11.8125,2.761086,24.074525147139553,3.101389922677071,1495.1801930638883,56,-9.464266666666667
68,18.0,-1.4464673920851465,11.788923029229757,-0.3818616696508865,-6.19375,-11.7625,2.761086,24.02511641722355,3.1402376375287,1013.351762067076,56,-12.952660000000002
70,18.4,-1.3193811002321367,11.738923106028892,-0.3761706140651014,-6.31875,-11.7125,2.761086,23.978384747391804,3.1372566140651017,2589.5239268460437,56,-10.11402
72,18.8,-1.1826930463046965,11.733874905809092,0.0006168206377024531,-6.454348,-11.7,3.141593,24.019509550611755,3.1409761793622972,2109.6535793898224,56,-10.097166666666666
74,19.2,-1.042979778873578,11.735638868451048,0.007855049797533965,-6.593478,-11.7,3.141593,24.08396146142036,3.133737950202466,1764.207599279533,56,-10.24774
76,19.6,-0.9028893577216877,11.737294740233068,0.01069959901029422,-6.732609,-11.7,3.141593,24.151447489707987,3.130893400989706,1484.1368442956891,56,-10.47344
78,20.0,-0.7613587631384564,11.738973424565543,0.010114957284564543,-6.871739,-11.7,3.141593,24.22234963492431,3.131478042715435,2581.686449405401,56,-9.126686666666668
80,20.4,-0.6200401387441588,11.740351746128951,0.01241484392594785,-7.01087,-11.7,3.141593,24.295941971814344,3.129178156074052,2259.062259759144,56,-9.722960000000002
82,20.8,-0.47953047803624327,11.741970894566437,0.01372620530094556,-7.15,-11.7,3.141593,24.37254937558128,3.127866794699054,1878.4618923928408,56,-10.343453333333333
84,21.2,-0.33981647513907753,11.742806624890488,0.013610508557674247,-7.28913,-11.7,3.141593,24.451137824625345,3.1279824914423258,1634.4893877011302,56,-10.184493333333334
86,21.6,-0.35718528069805117,11.747485836770931,-0.01367437729705145,-7.428261,-11.7,3.141593,24.490502320158217,3.1279179298825355,275.5661074578435,56,-16.290233333333333
88,22.0,-0.264848128584657,11.745640976030284,-0.012276896791843949,-7.567391,-11.7,3.141593,24.556571689993074,3.129315410387743,1547.9284264124844,56,-10.73566
90,22.4,-0.18311357715701293,11.745076178008931,-0.021634759578082516,-7.706522,-11.7,3.141593,24.62261706824737,3.1199575476015045,1380.570623272689,56,-13.830533333333333
92,22.8,-0.06335399377136956,11.74829245929929,0.02312692662482586,-7.845652,-11.7,3.141593,24.70600294492377,3.118466073375174,923.2828463711313,56,-13.287393333333336
94,23.2,11.554122583357927,-8.34827373993115,-1.5370148502883754,-7.984783,-11.7,3.141593,19.824300752304246,1.6045774568912112,1.0000627535263955,56,-28.306820000000002
96,23.6,11.559650464612066,-8.492929054927739,-1.5282856930516902,-8.123913,-11.7,3.141593,19.943118480120845,1.6133066141278969,2555.9675141091316,56,-11.207353333333332
98,24.0,11.566712884118058,-8.629725791763999,-1.5222683839542521,-8.263043,-11.7,3.141593,20.066036034490565,1.6193239232253342,2039.1854840635442,56,-11.054353333333335
100,24.4,11.575004572922012,-8.7623819526328,-1.5180700897380814,-8.402174,-11.7,3.141593,20.19200989318874,1.6235222174415054,1493.1612281861694,56,-11.729560000000003
102,24.8,11.58493577197708,-8.906918907740277,-1.5170126129647084,-8.541304,-11.7,3.141593,20.319124719019044,1.6245796942148785,2550.066827667713,56,-11.021573333333334
104,25.2,11.596579243654045,-9.048158039325111,-1.5153058194038505,-8.680435,-11.7,3.141593,20.44968391984935,1.626286487775736,1778.0867661683828,56,-11.67948666666667
106,25.6,11.60718396848073,-9.180892695054188,-1.5154690222381628,-8.819565,-11.7,3.141593,20.58149593773883,1.6261232849414233,1207.2437547127138,56,-12.012340000000002
108,26.0,11.618256590687771,-9.314501460940553,-1.516077146872699,-8.958696,-11.7,3.141593,20.71476722532182,1.625515160306888,2493.747015438298,56,-12.075126666666668
110,26.4,11.628495900384639,-9.445291202594301,-1.519304587500483,-9.097826,-11.7,3.141593,20.84860022350332,1.6222877196791041,1871.790905252801,56,-11.934040000000001
112,26.8,11.636751726216843,-9.571578063524175,-1.523538085737302,-9.236957,-11.7,3.141593,20.981942139054066,1.6180542214422842,1371.7124431433258,56,-12.224933333333334
114,27.2,11.645663665773629,-9.70192904757994,-1.5244705764863455,-9.376087,-11.7,3.141593,21.11649328332853,1.6171217306932413,2590.941869754732,56,-11.85962
116,27.6,11.653438939842438,-9.831447746433245,-1.524278186436242,-9.515217,-11.7,3.141593,21.250964256328132,1.6173141207433448,2173.6883906714797,56,-12.193673333333333
118,28.0,11.660268948635924,-9.948182961586204,-1.5258555280411576,-9.654348,-11.7,3.141593,21.386485419609148,1.6157367791384287,1628.694002805871,56,-12.68566
120,28.4,11.66639303390403,-10.063441077379352,-1.5276995783465828,-9.793478,-11.7,3.141593,21.52218366939104,1.6138927288330038,2557.5846400799305,56,-11.727613333333332
122,28.8,11.688185509873588,-10.212243244322138,-1.4617263491477694,-9.932609,-11.7,3.141593,21.67192135926681,1.6798659580318172,847.9949510904149,56,-16.51025333333333
124,29.2,11.69954782575199,-10.33353606951539,-1.4738076143330747,-10.071739,-11.7,3.141593,21.814127388517694,1.667784692846512,2444.9042922862604,56,-15.462200000000001
126,29.6,11.710372434612065,-10.446451952414145,-1.48215622958591,-10.21087,-11.7,3.141593,21.95705473383539,1.659436077593677,1867.5453833224522,56,-16.10518
128,30.0,11.707468577341439,-10.562947091322076,-1.529762355697319,-10.35,-11.7,3.141593,22.086756424553105,1.6118299514822676,532.6116746789072,56,-19.96056666666667
130,30.4,11.71049497097332,-10.682669134677155,-1.5389348123275532,-10.48913,-11.7,3.141593,22.222923096240077,1.6026574948520331,2384.206823933102,56,-10.836853333333334
132,30.8,11.703526181353435,-10.801546105504627,-1.5763302857654256,-10.628261,-11.7,3.141593,22.349853201168806,1.565262021414161,821.572445973482,56,-14.395406666666666
134,31.2,11.712897605276407,-10.940602380846281,-1.5239751400086703,-10.767391,-11.7,3.141593,22.493111401504606,1.6176171671709165,662.4856108607908,56,-14.900360000000001
136,31.6,11.718515437985152,-11.059648572751021,-1.5283885391499874,-10.906522,-11.7,3.141593,22.634097486328223,1.6132037680295996,2331.747568010308,56,-9.497106666666667
138,32.0,11.732891967439809,-11.177116809356408,-1.4918358314894868,-11.045652,-11.7,3.141593,22.784544588550506,1.6497564756901,1048.3266399371564,56,-12.051480000000002
140,32.4,11.699466741936382,-11.295361846436329,-2.358199476416982,-11.172917,-11.675,2.312744,22.875534161326964,1.6122418307626047,1802.8520184540653,56,-10.98488
142,32.8,11.598998965203394,-11.389402748006328,-2.365356274102323,-11.264583,-11.575,2.312744,22.864335254267104,1.6050850330772637,1221.4862416346002,56,-11.553726666666666
144,33.2,11.153834546022171,-10.378664293647631,-2.2588358772491395,-11.35625,-11.475,2.312744,22.536766810039307,1.7116054299304475,718.0076505607607,56,-15.668466666666667
146,33.6,11.398402684866117,-11.557351384618341,-2.364000389355133,-11.447917,-11.375,2.312744,22.847047405968528,1.606440917824454,2116.473522324221,56,-12.23562
148,34.0,11.298965673048233,-11.653265843142893,-2.368783329666729,-11.539583,-11.275,2.312744,22.841680991977842,1.6016579775128579,1395.9931498486612,56,-19.644473333333334
150,34.4,11.192294527760788,-11.753099368187826,-2.374826112580372,-11.63125,-11.175,2.312744,22.830864716216478,1.5956151945992147,2304.846509152356,56,-11.459406666666666
152,34.8,10.248882475906626,-10.259419261348146,-3.1350722943798224,-11.7,-11.065217,1.570796,21.963668908831636,1.577317012799764,468.72223508544016,56,-22.00184666666666
154,35.2,10.934360237820298,-11.827683032543248,3.139368044573005,-11.7,-10.926087,1.570796,22.65230978909917,1.568572044573005,2030.4249716935751,56,-13.114493333333332
156,35.6,10.76154300208205,-11.835777725965102,3.1051909290999666,-11.7,-10.786957,1.570796,22.48601652026421,1.5343949290999666,929.2776130599703,56,-14.939253333333333
158,36.0,10.308187779982797,-11.216007009085008,3.057365118469209,-11.7,-10.647826,1.570796,22.01552086638127,1.486569118469209,734.4860139435073,56,-15.49094
160,36.4,-1.0538074811602756,11.873669099152071,-0.09564705945905576,-11.7,-10.508696,1.570796,24.78531183140409,1.6664430594590558,871.7959006645839,56,-15.84688
162,36.8,-0.9183714274900209,11.860802196254504,-0.06910684789523337,-11.7,-10.369565,1.570796,24.70693708972992,1.6399028478952336,97.86289684965797,56,-20.57796666666667
164,37.2,-0.7791486698893715,11.853999602255257,-0.013032204394522462,-11.7,-10.230435,1.570796,24.637111143063596,1.5838282043945227,405.7464728973415,56,-17.27258666666667
166,37.6,-0.6473566617329216,11.857818305174261,0.04799522668555059,-11.7,-10.091304,1.570796,24.5748834123468,1.5228007733144495,394.26768241862123,56,-15.953066666666668
168,38.0,9.989327244089527,-11.848873772341163,-3.129772273551975,-11.7,-9.952174,1.570796,21.772101100435926,1.582617033627612,2624.3089478095076,56,-10.321060000000001
170,38.4,-0.3719228743975569,11.867688546377517,0.031185242515613755,-11.7,-9.813043,1.570796,24.46179575889077,1.5396107574843862,2387.160099376781,56,-10.128986666666668
172,38.8,-0.22975825772837663,11.870337874273165,0.023223336848247376,-11.7,-9.673913,1.570796,24.407400340056096,1.5475726631517528,2013.0486760024085,56,-10.754426666666665
174,39.2,-0.09234403477875913,11.872524859727926,0.018788013396270252,-11.7,-9.534783,1.570796,24.351807054264068,1.5520079866037297,1770.0638147369157,56,-10.748953333333333
176,39.6,0.04468114533234048,11.874053010353492,0.017151177273342214,-11.7,-9.395652,1.570796,24.296869889617085,1.553644822726658,1574.1429243336752,56,-11.142840000000001
178,40.0,0.1808978300461482,11.875628297376554,0.014811150560224466,-11.7,-9.256522,1.570796,24.243009496325065,1.5559848494397757,2722.7804980304472,56,-8.369746666666668
180,40.4,9.154614054481591,-11.865363312224709,3.1118907882551254,-11.7,-9.117391,1.570796,21.034882438229474,1.5410947882551254,456.62188266542057,56,-13.89010666666667
182,40.8,9.017081345475752,-11.861144120222555,3.122260607662698,-11.7,-8.978261,1.570796,20.916703243100322,1.5514646076626981,2626.0603975675003,56,-8.873646666666668
184,41.2,8.890656810593713,-11.858870847818423,3.12740428939352,-11.7,-8.83913,1.570796,20.810910183834643,1.55660828939352,2336.8336373994107,56,-8.505813333333334
186,41.6,0.5073253852727518,11.879977721100573,0.045551035337325484,-11.7,-8.7,1.570796,23.928106403619164,1.5252449646626747,486.15928910966386,56,-15.918399999999998
188,42.0,8.625229325591125,-11.858771359161652,3.104694771057126,-11.7,-8.56087,1.570796,20.59104418218342,1.533898771057126,11.227295719562832,56,-18.55758
190,42.4,8.491702733745097,-11.850249269047687,3.0710255367023302,-11.7,-8.421739,1.570796,20.480711461101507,1.5002295367023302,1049.464628327139,56,-12.019773333333333
192,42.8,8.352045415908279,-11.839636009296754,3.0582085845889155,-11.7,-8.282609,1.570796,20.365091860988862,1.4874125845889155,1856.8367402767371,56,-10.71994
194,43.2,8.210840623459834,-11.830754177172098,3.0924207061101017,-11.7,-8.143478,1.570796,20.249384680517068,1.5216247061101016,1062.4314642086563,56,-12.528666666666666
196,43.6,8.074681805289345,-11.825877014018655,3.1084864909819707,-11.7,-8.004348,1.570796,20.14055919048495,1.5376904909819706,2298.867496960376,56,-10.781733333333335
198,44.0,7.93508025399263,-11.822960359615568,3.12354076321652,-11.7,-7.865217,1.570796,20.029980256638108,1.5527447632165199,1705.5586728898852,56,-11.950913333333336
200,44.4,7.796798273502222,-11.821235578230716,3.1318636547571495,-11.7,-7.726087,1.570796,19.922233428896075,1.5610676547571494,1451.4865900169484,56,-12.869253333333335
202,44.8,7.6593858859375725,-11.820159379230216,3.134260045902133,-11.7,-7.586957,1.570796,19.816806611161123,1.563464045902133,2648.363375574017,56,-8.508973333333333
204,45.2,7.520637639614309,-11.819653120601341,3.1361919681734807,-11.7,-7.447826,1.570796,19.71156471835211,1.5653959681734806,2250.349411865273,56,-8.982873333333334
206,45.6,7.379597627391001,-11.826628654818684,-3.097617928084655,-11.7,-7.308696,1.570796,19.60721196643269,1.614771379094931,621.7141706343941,56,-13.588746666666669
208,46.0,7.2415676020650865,-11.830722937983106,-3.1113332051792564,-11.7,-7.169565,1.570796,19.506649546921803,1.60105610200033,2334.0443104059405,56,-10.610526666666667
210,46.4,7.102804154066995,-11.829767136137015,3.1247463089304754,-11.7,-7.030435,1.570796,19.40564435954541,1.5539503089304754,646.8064889398016,56,-15.19076
212,46.8,6.969638200688335,-11.823562483672859,3.0785436637815984,-11.7,-6.891304,1.570796,19.31016738131402,1.5077476637815983,724.6907045488082,56,-13.435473333333336
214,47.2,6.823435827053683,-11.817052744605972,3.1020811357117513,-11.7,-6.752174,1.570796,19.203402603094517,1.5312851357117512,1825.0893872352572,56,-11.133620000000002
216,47.6,6.673720824399963,-11.817333463598349,-3.138049973013185,-11.7,-6.613043,1.570796,19.096550897020368,1.5743393341664016,501.92276992283126,56,-15.556539999999998
218,48.0,6.536599937597188,-11.817408258375458,-3.1383081565821653,-11.7,-6.473913,1.570796,19.00332915202625,1.5740811505974206,2694.9964537511846,56,-9.389773333333334
220,48.4,6.404509080924718,-11.813931882428957,3.121315215051222,-11.7,-6.334783,1.570796,18.915451925267554,1.5505192150512217,1709.6114391903504,56,-11.113846666666667
222,48.8,6.268323961964367,-11.812338445279346,3.1308884832407244,-11.7,-6.195652,1.570796,18.825722632257374,1.5600924832407244,1518.9428816164059,56,-10.36384
224,49.2,6.132523743163698,-11.81139257808023,3.1366800444586063,-11.7,-6.056522,1.570796,18.738127932665805,1.5658840444586062,2599.8836159906373,56,-9.286386666666667
226,49.6,5.99362535456123,-11.810780766516025,3.137926656434264,-11.7,-5.917391,1.570796,18.64930082141547,1.567130656434264,2261.3641667390084,56,-9.80098
228,50.0,5.8533411419342825,-11.81053925888203,3.138947886574786,-11.7,-5.778261,1.570796,18.560931179165113,1.5681518865747859,1938.4382713252228,56,-9.964846666666666
230,50.4,5.716530465546196,-11.810613084447589,3.1397408744869986,-11.7,-5.63913,1.570796,18.477628011163162,1.5689448744869985,1665.492709443058,56,-10.442300000000001
232,50.8,5.580516269181366,-11.811073793414746,-3.1391059803845835,-11.7,-5.5,1.570796,18.396899058139343,1.5732833267950028,1413.2739418612916,56,-10.780846666666669
234,51.2,5.4418851909351655,-11.811276397315334,3.139287953980828,-11.7,-5.36087,1.570796,18.315347951642327,1.568491953980828,2629.6041022410886,56,-8.863473333333333
236,51.6,5.296223609361421,-11.805251906648696,3.0890231500795844,-11.7,-5.221739,1.570796,18.22674570984696,1.5182271500795843,814.9140618213637,56,-13.036313333333334
238,52.0,5.156863770910164,-11.801017201642303,3.1075423645289,-11.7,-5.082609,1.570796,18.146373327883403,1.5367463645289,2119.4100134923933,56,-9.452813333333333
240,52.4,5.026826586342,-11.796910579540384,3.0814261361951347,-11.7,-4.943478,1.570796,18.076400796946917,1.5106301361951346,1287.217441651557,56,-10.936533333333335
242,52.8,4.889798160884877,-11.79181067443681,3.108003287231879,-11.7,-4.804348,1.570796,18.001278778063153,1.5372072872318787,1681.5663032356874,56,-11.264886666666667
244,53.2,4.7521003468125675,-11.788402049488234,3.1020895632337218,-11.7,-4.665217,1.570796,17.927949438539894,1.5312935632337217,1300.7093354138378,56,-11.449320000000002
246,53.6,4.621221137576722,-11.785449564396282,3.1213982700549288,-11.7,-4.526087,1.570796,17.86282744313003,1.5506022700549287,2000.863145795949,56,-9.714093333333333
248,54.0,4.479907868747707,-11.783997828482681,3.1326970676077037,-11.7,-4.386957,1.570796,17.790605151579406,1.5619010676077036,1549.215035403873,56,-10.053913333333334
250,54.4,4.3434613704610285,-11.784217326296604,3.140896781439811,-11.7,-4.247826,1.570796,17.72540117934017,1.5701007814398111,2063.835711504918,56,-11.015720000000002
252,54.8,4.203010971860179,-11.784911121031161,-3.140879291650001,-11.7,-4.108696,1.570796,17.658709934631485,1.571510015529585,1831.2806130411454,56,-10.582986666666667
254,55.2,4.0633330482107635,-11.786070674366389,-3.1366516530703095,-11.7,-3.969565,1.570796,17.594897832787083,1.5757376541092774,1572.835287448164,56,-10.579553333333333
256,55.6,3.9205341798414186,-11.787012259252231,-3.138380832288603,-11.7,-3.830435,1.570796,17.530208491231466,1.5740084748909828,2547.9951653717453,56,-8.731166666666667
258,56.0,3.78337136942574,-11.787647598421701,-3.137817608362626,-11.7,-3.691304,1.570796,17.472423089750798,1.5745716988169607,2235.3859413725095,56,-8.364413333333335
260,56.4,3.64969437880531,-11.788543912513042,-3.137647914899307,-11.7,-3.552174,1.570796,17.41984233161935,1.574741392280279,1902.65034788149,56,-8.863313333333334
262,56.8,3.514383425239628,-11.787524886819186,3.1325619273258183,-11.7,-3.413043,1.570796,17.36690559319273,1.5617659273258182,1371.5801965549929,56,-10.099553333333334
264,57.2,3.3734365327816302,-11.787264527547087,3.138831574132817,-11.7,-3.273913,1.570796,17.311430996292138,1.568035574132817,2610.8066887037285,56,-10.189593333333333
266,57.6,3.2356620482526903,-11.78780718079357,3.140394743206618,-11.7,-3.134783,1.570796,17.26119428930148,1.569598743206618,2258.8124724729337,56,-10.587733333333333
268,58.0,3.099294894066389,-11.78888629013952,-3.140504038506783,-11.7,-2.995652,1.570796,17.214531612647058,1.5718852686728033,1869.5996088190273,56,-11.37498
270,58.4,2.9570948307057665,-11.789701545510457,-3.1368560995721326,-11.7,-2.856522,1.570796,17.16485146072136,1.5755332076074533,1556.456305794008,56,-11.578873333333332
272,58.8,2.8158431837418094,-11.790873047749834,-3.136625363882656,-11.7,-2.717391,1.570796,17.11834629296364,1.5757639432969308,2592.934742877605,56,-7.986313333333334
274,59.2,2.6803348718109987,-11.79740881622048,-3.0987697803128786,-11.7,-2.578261,1.570796,17.08176564301086,1.6136195268667077,1159.0584759157534,56,-10.951693333333333
276,59.6,2.540931464836448,-11.801791340899175,-3.110794965391189,-11.7,-2.43913,1.570796,17.042991414964003,1.6015943417883973,2499.3425765828288,56,-9.375553333333334
278,60.0,2.4017451425219685,-11.8050152252222,-3.1197301155359973,-11.7,-2.3,1.570796,17.00601453887264,1.5926591916435895,2088.7724852609826,56,-9.45124
280,60.4,2.2596384457603453,-11.799371671916433,3.1064786439639733,-11.7,-2.16087,1.570796,16.96385038886768,1.5356826439639732,433.2134893333364,56,-15.607493333333334
282,60.8,2.1149506612494307,-11.797242788390502,3.119401290082093,-11.7,-2.021739,1.570796,16.923750650774583,1.5486052900820928,2412.9814577230304,56,-9.362113333333335
284,61.2,1.9862860491872563,-11.793176572409555,3.086383930317825,-11.7,-1.882609,1.570796,16.897744684645744,1.515587930317825,1263.4325121917357,56,-11.343493333333335
286,61.6,1.8409828676681361,-11.788957130987866,-3.123416387227983,-11.7,-1.743478,1.570796,16.860304504770806,1.5889729199516032,147.05185062978967,56,-16.27235333333333
288,62.0,1.7050393656552303,-11.791692236934178,-3.129148449383838,-11.7,-1.604348,1.570796,16.83677709648026,1.5832408577957484,2626.345860555088,56,-9.858126666666669
290,62.4,1.5628671766394042,-11.79334605815572,-3.1300067113473653,-11.7,-1.465217,1.570796,16.809934431374188,1.582382595832221,2267.9967310151087,56,-10.232246666666667
292,62.8,1.4257369385122765,-11.795140004612422,-3.134699566037965,-11.7,-1.326087,1.570796,16.78946220080947,1.5776897411416215,1824.2103274100032,56,-10.96854
294,63.2,1.3351879535170639,-11.793491245381361,3.093645670795559,-11.7,-1.186957,1.570796,16.80519841245452,1.522849670795559,403.4179099690904,56,-13.752713333333338
296,63.6,1.1516810862602531,-11.790085866751106,3.1136937624783103,-11.7,-1.047826,1.570796,16.74998071007101,1.5428977624783102,2136.391915687413,56,-10.229133333333333
298,64.0,1.0111565816221455,-11.787531703654604,3.125790577091277,-11.7,-0.908696,1.570796,16.7308866444557,1.5549945770912768,1564.5241791058995,56,-10.781820000000002
300,64.6,0.7678284936158676,-11.784873561195566,3.1168031688766664,-11.7,-0.7,1.570796,16.682960445134196,1.5460071688766663,2177.590847892485,56,-9.899146666666667
302,65.2,0.528838164782802,-11.780633860156845,3.114277007825348,-11.7,-0.491304,1.570796,16.6431202468731,1.5434810078253478,1550.7295890312103,56,-10.252993333333334
304,65.8,0.3949036936652867,-11.77855792896186,3.129876099054768,-11.7,-0.282609,1.570796,16.68662749438416,1.5590800990547677,2376.95306027627,56,-10.736226666666667
306,66.4,0.1846097655592518,-11.778863690813562,3.1392989781009737,-11.7,-0.073913,1.570796,16.68082192081683,1.5685029781009736,1853.2935068243564,56,-11.85910666666667
308,67.0,-0.02225419597255638,-11.779308195739418,3.1410131079229813,-11.7,0.134783,1.570796,16.682785021808442,1.5702171079229812,1494.5681985375597,56,-12.238680000000002
310,67.6,-0.24698523932495842,-11.782112360964183,-3.1369291282284473,-11.7,0.343478,1.570796,16.67937315099545,1.575460178951139,2487.857653129789,56,-8.950199999999999
312,68.2,-0.4445575101383058,-11.784250369369651,-3.1370907926538445,-11.7,0.552174,1.570796,16.699471604328128,1.5752985145257414,2049.969744413216,56,-9.430593333333336
314,68.8,-0.6559013944714248,-11.608275226248574,3.126325520153428,-11.7,0.76087,1.570796,16.582155096267375,1.5555295201534278,1300.6580531553093,56,-12.148099999999996
316,69.4,-0.8549415583011666,-11.789076486385998,-3.107398547538663,-11.7,0.969565,1.570796,16.74509555607232,1.6049907596409236,913.327929703459,56,-12.769679999999997
318,70.0,-1.0615887949043736,-11.793954808515927,-3.1175959854300146,-11.7,1.178261,1.570796,16.776596077614037,1.5947933217495722,2566.8539188148816,56,-9.346766666666667
320,70.6,-1.268159657860115,-11.797225250604797,-3.1249570757300953,-11.7,1.386957,1.570796,16.81207763903854,1.5874322314494906,2105.3036783221096,56,-10.10422
322,71.2,-1.4711846887350544,-11.799740442412059,-3.130052979214668,-11.7,1.595652,1.570796,16.854233929734043,1.5823363279649183,1726.0950217166305,56,-10.471686666666667
324,71.8,-1.6580881311216689,-11.458622030856771,-3.0791958216372564,-11.7,1.804348,1.570796,16.635695597771807,1.6331934855423305,703.5509470503313,56,-13.326286666666666
326,72.4,-1.9204012353028954,-11.81424373501384,-3.1334044647326786,-11.7,2.013043,1.570796,16.93618641993394,1.5789848424469073,753.0163209241144,56,-13.909586666666668
328,73.0,-2.0674363613279323,-11.814863414629778,-3.13571762836874,-11.7,2.221739,1.570796,17.023879980764015,1.576671678810847,2626.6361238085856,56,-8.611160000000002
330,73.6,-2.271332308332381,-11.81525202739365,-3.139659391887535,-11.7,2.430435,1.570796,17.0833068614466,1.572729915292051,2261.0927388559103,56,-9.259993333333334
332,74.2,-2.46982212717891,-11.807499105924387,3.0914577121449076,-11.7,2.63913,1.570796,17.14354911003138,1.5206617121449075,672.5530037267768,56,-13.078406666666668
334,74.8,-2.7634036061243163,-11.80693789388708,-3.115439344909704,-11.7,2.847826,1.570796,17.164639812492666,1.5969499622698822,105.48533745862738,56,-15.360246666666667
336,75.4,-2.9538043211270195,-11.811793529140399,-3.125355221827146,-11.7,3.056522,1.570796,17.25000711672937,1.587034085352441,2581.1870215660547,56,-9.326753333333334
338,76.0,-3.1553499812352204,-11.814516418638572,-3.131428359426234,-11.7,3.265217,1.570796,17.332322519511973,1.5809609477533526,2209.323577821453,56,-9.123933333333333
340,76.6,-3.3393872515431835,-11.814497457020277,3.1308787110575054,-11.7,3.473913,1.570796,17.42513528877138,1.5600827110575053,1451.6531318204898,56,-10.878813333333333
342,77.2,-3.562559577544944,-11.812833935897403,3.1312125162590525,-11.7,3.682609,1.570796,17.502190960238615,1.5604165162590524,2677.394508829036,56,-8.986206666666668
344,77.8,-3.7643610798648472,-11.809401873244592,3.122872600312773,-11.7,3.891304,1.570796,17.592229250123506,1.5520766003127728,2007.843206975021,56,-9.649280000000001
346,78.4,-3.9687143325910297,-11.807635528078878,3.1309598039540405,-11.7,4.1,1.570796,17.686877795848556,1.5601638039540404,1737.6984073168874,56,-9.455226666666668
348,79.0,-4.175873770887813,-11.806546492553236,3.136910898306158,-11.7,4.308696,1.570796,17.78520497788562,1.5661148983061581,1424.9665334731128,56,-10.243146666666668
350,79.6,-4.321194753797169,-11.800531897484651,3.0864347066255347,-11.7,4.517391,1.570796,17.908695501058816,1.5156387066255346,802.7147952937646,56,-12.932326666666668
352,80.2,-4.531802959810159,-11.79323898965405,3.111847660689767,-11.7,4.726087,1.570796,18.007531201123772,1.5410516606897668,1616.8548128398556,56,-10.210233333333333
354,80.8,-4.745364493337288,-11.790310703384407,3.1270038851706214,-11.7,4.934783,1.570796,18.1134125558251,1.5562078851706214,2231.0854565391096,56,-10.3847
356,81.4,-4.910156166086484,-11.789007452250402,3.132961754502459,-11.7,5.143478,1.570796,18.243109463016577,1.562165754502459,1821.5092580945056,56,-10.159766666666666
358,82.0,-5.05311437354096,-11.789207951167128,3.1402309253543366,-11.7,5.352174,1.570796,18.384995614006165,1.5694349253543365,1352.6994524574977,56,-11.425653333333333
360,82.6,-4.941481288458675,-11.782810032988822,3.1094512100987513,-11.7,5.56087,1.570796,18.61399506449245,1.5386552100987512,593.6196950332348,56,-14.501153333333335
362,83.2,-5.146949852365243,-11.781009005870128,3.136354520281904,-11.7,5.769565,1.570796,18.73406293821338,1.565558520281904,1790.302368466831,56,-10.884733333333335
364,83.8,-5.104725356325487,-11.77987625182093,3.1179485835760143,-11.7,5.978261,1.570796,18.94331244212601,1.5471525835760143,509.0164533868929,56,-13.727613333333332
366,84.4,-5.314383199764961,-11.785064194948504,-3.0946563357669996,-11.7,6.186957,1.570796,19.072746203709684,1.6177329714125863,245.49589042741158,56,-16.138840000000002
368,85.0,-5.526896871091801,-11.793116748657612,-3.105721476020696,-11.7,6.395652,1.570796,19.2077721465109,1.6066678311588902,2622.4867859871483,56,-8.668800000000001
370,85.6,-5.734647804885238,-11.798243369430015,-3.1144391641172384,-11.7,6.604348,1.570796,19.34530423441256,1.597950143062348,2164.143179548841,56,-8.942933333333334
372,86.2,-5.943117437836819,-11.802573604156752,-3.1192543370445907,-11.7,6.813043,1.570796,19.485452994156823,1.5931349701349957,1872.061203481675,56,-9.081293333333333
374,86.8,-6.158710062515095,-11.812863707075408,-3.094430057324959,-11.7,7.021739,1.570796,19.632833552613942,1.617959249854627,1227.0979012452756,56,-10.832326666666667
376,87.4,-6.3664566785941625,-11.81892141867366,-3.104629796212995,-11.7,7.230435,1.570796,19.78192772019391,1.6077595109665916,2493.7682009591244,56,-9.10026
378,88.0,-7.0323093144967785,-11.84640700356843,-3.0708647598255103,-11.7,7.43913,1.570796,19.842360591712385,1.6415245473540756,19.96044375590441,56,-27.860746666666667
380,88.6,-7.353241129340429,-11.873082180825243,-3.0844502721346942,-11.7,7.647826,1.570796,19.999004197306117,1.6279390350448921,385.72379414440974,56,-15.816046666666667
382,89.2,-7.641766238142716,-11.892586868648184,-3.089756000710987,-11.7,7.856522,1.570796,20.16175990263739,1.6226333064685987,580.8207792164702,56,-14.86848
384,89.8,-7.924351767681627,-11.898404258651041,-3.1067944274947727,-11.7,8.065217,1.570796,20.317521830505626,1.605594879684814,900.7099447778007,56,-13.987546666666667
386,90.4,-8.1846250877898,-11.900322760679604,-3.1125949326596647,-11.7,8.273913,1.570796,20.4782237828597,1.5997943745199221,1476.929220851354,56,-13.04788
388,91.0,-8.436370019280819,-11.89882830428915,-3.118679817097533,-11.7,8.482609,1.570796,20.641082026863767,1.5937094900820539,1678.8602390222438,56,-12.594553333333334
390,91.6,-8.664978873798201,-11.89346258643102,-3.1323194014689593,-11.7,8.691304,1.570796,20.807305655810854,1.5800699057106267,864.6116357130569,56,-12.54766666666667
392,92.2,-8.893775254731866,-11.887062644883846,-3.1348166258397425,-11.7,8.9,1.570796,20.975625633655856,1.5775726813398434,2129.2335188573165,56,-11.632926666666668
394,92.8,-9.119264573615718,-11.881096784782851,-3.134182414847117,-11.7,9.108696,1.570796,21.147850871639818,1.5782068923324692,1363.5840528136855,56,-11.636673333333334
396,93.4,-9.33935839737148,-11.87878131300372,-3.133171311317581,-11.7,9.317391,1.570796,21.327220857359876,1.5792179958620054,2311.9866410406335,56,-11.367433333333334
398,94.0,-9.556213400387701,-11.876492707650867,-3.132090072909229,-11.7,9.526087,1.570796,21.50967780156239,1.5802992342703572,1591.039878299683,56,-12.467473333333334
400,94.6,-9.770379940701194,-11.874293910856055,-3.139076229190594,-11.7,9.734783,1.570796,21.695060232977934,1.5733130779889921,2275.529265499086,56,-11.00074
402,95.2,-9.974685183260323,-11.871614982494927,-3.139768425190283,-11.7,9.943478,1.570796,21.883212585261813,1.5726208819893037,1531.3410199263471,56,-11.402566666666665
404,95.8,-10.175015208379726,-11.870923559954626,-3.1404835784935283,-11.7,10.152174,1.570796,22.07583304770066,1.5719057286860585,2164.099364431069,56,-10.58688
406,96.4,-10.414889659000153,-11.85600773334129,3.0908312564710494,-11.7,10.36087,1.570796,22.254014577302247,1.5200352564710493,572.9945808945395,56,-14.160246666666668
408,97.0,-10.624647681797086,-11.847069850049222,3.1115677016583403,-11.7,10.569565,1.570796,22.44241298543242,1.5407717016583402,1729.2968038057716,56,-13.447759999999999
410,97.6,-10.823951768263766,-11.842617214063607,3.1182463099291113,-11.7,10.778261,1.570796,22.637835401818474,1.5474503099291113,938.0377547454974,56,-13.971
412,98.2,-11.033887710302615,-11.831351040964757,3.096195703946881,-11.7,10.986957,1.570796,22.828028549019358,1.525399703946881,1416.3741598351774,56,-11.575300000000002
414,98.8,-11.241094416664598,-11.822587464799483,3.098097294812899,-11.7,11.195652,1.570796,23.02281352035995,1.527301294812899,1818.353013370929,56,-10.559293333333331
416,99.4,-11.377874547634793,-11.714321223653162,2.046817699025943,-11.6125,11.35,0.519146,23.0655145750264,1.5276716990259427,447.6076646627088,56,-15.820700000000002
418,100.0,-11.462956818382619,-11.53325447920536,2.047932357608146,-11.4375,11.45,0.519146,22.983268577500358,1.528786357608146,1576.431599207028,56,-11.771526666666672
420,100.6,-11.55671565663875,-11.353743417166926,2.0376118415712603,-11.2625,11.55,0.519146,22.905633048925516,1.5184658415712602,1555.1549026994126,56,-12.317080000000004
422,101.2,11.841092798349695,-6.741146827353749,-1.104626563689815,-11.0875,11.65,0.519146,29.393105472845455,1.623772563689815,1.0017546021588741,56,-24.694979999999987
424,101.8,-5.201947280497746,10.748029595572238,0.01910907337269456,-10.895652,11.7,0.0,5.7727394782536825,0.01910907337269456,1.2512294798266128,56,-21.648486666666663
426,102.4,-5.6242896244428735,11.589629686886882,0.052247654169020746,-10.686957,11.7,0.0,5.063870314447948,0.052247654169020746,1731.602485938476,56,-13.846893333333334
428,103.0,-5.328930930102368,11.605962410715351,0.06887021352222387,-10.478261,11.7,0.0,5.15018866032599,0.06887021352222387,710.0391527354456,56,-15.076733333333332
430,103.6,-2.811869161443061,11.667919729317317,0.04193479646137355,-10.269565,11.7,0.0,7.457764837013604,0.04193479646137355,1337.6111534261768,56,-13.738326666666671
432,104.2,-2.6008497767557124,11.67361322314056,-0.003136821965854112,-10.06087,11.7,0.0,7.46006688932524,0.0031368219658541117,520.4868427029447,56,-15.019113333333337
434,104.8,-2.387095238833928,11.675979401130272,0.008974567472485217,-9.852174,11.7,0.0,7.4651174069523405,0.008974567472485217,1365.256483203314,56,-12.13562
436,105.4,-2.1811192583971044,11.67738396049204,-0.019748447946483366,-9.643478,11.7,0.0,7.4623930125409625,0.019748447946483366,994.1113880879536,56,-13.396300000000004
438,106.0,-1.9680449847291248,11.678682449697941,0.0027310745291914745,-9.434783,11.7,0.0,7.466768446030861,0.002731074529191475,1577.5052541068264,56,-11.90762
440,106.6,-1.7553869431005784,11.682670710589619,0.0105552898392071,-9.226087,11.7,0.0,7.470720155676324,0.0105552898392071,2111.149204589986,56,-10.543533333333334
442,107.2,-1.5470371111598362,11.686285758220336,-0.009371287192746913,-9.017391,11.7,0.0,7.4703664772845615,0.009371287192746913,1069.5768819589018,56,-11.821726666666667
444,107.8,-1.3358675121959025,11.689455867230883,0.004201412710828214,-8.808696,11.7,0.0,7.472835926666149,0.004201412710828214,1957.1560015289613,56,-10.571686666666668
446,108.4,-1.1251859973598157,11.693067023549785,0.007589767335250503,-8.6,11.7,0.0,7.474817217847418,0.0075897673352505034,1245.0460126431997,56,-11.444340000000002
448,109.0,-0.9166369141908963,11.696947793146194,0.00937415078413077,-8.391304,11.7,0.0,7.474667708978416,0.00937415078413077,2198.511146094232,56,-9.497660000000002
450,109.6,-0.7050123562495232,11.700045178095582,0.00871673023112052,-8.182609,11.7,0.0,7.4775966438869546,0.00871673023112052,1511.2118556852172,56,-10.046153333333335
452,110.2,-0.5084716077279201,11.70152274850522,-0.022721060364634723,-7.973913,11.7,0.0,7.465441547571872,0.022721060364634723,1021.6347564526011,56,-11.145600000000002
454,110.8,-0.3010678351674996,11.701343913124028,-0.002902632112437971,-7.765217,11.7,0.0,7.464149285817654,0.002902632112437971,1492.0842190404142,56,-12.076006666666668
456,111.4,-0.13251791961427775,11.702494387500892,0.002759287084352197,-7.556522,11.7,0.0,7.424004499429729,0.002759287084352197,1885.1974138548583,56,-9.81016666666667
458,112.0,0.07294052669548104,11.704548603882866,0.0054372647603214384,-7.347826,11.7,0.0,7.420767920742529,0.0054372647603214384,1283.4949093033813,56,-10.463006666666667
460,112.6,0.27494825325727856,11.706701730227365,0.00394485968915793,-7.13913,11.7,0.0,7.414081282169122,0.00394485968915793,2205.955872546546,56,-9.791666666666666
462,113.2,0.4500148462475638,11.708755870897146,0.005413540432847303,-6.930435,11.7,0.0,7.380455040053483,0.005413540432847303,1410.4279964982509,56,-10.761913333333336
464,113.8,0.5746784263359451,11.71267023223058,0.04408819088580004,-6.721739,11.7,0.0,7.296428427259712,0.04408819088580004,816.6057285832442,56,-13.244513333333332
466,114.4,-1.4175201862165654,11.711605435856937,-0.03849634969180332,-6.513043,11.7,0.0,5.095536029892132,0.03849634969180332,70.98219761744518,56,-16.440520000000003
468,115.0,-1.2294212677981038,11.712355875476144,-0.008042320766895178,-6.304348,11.7,0.0,5.074941773545406,0.008042320766895178,1266.7443220982439,56,-11.868073333333333
470,115.6,-1.023013501624392,11.713074163356207,-0.002359829236758648,-6.095652,11.7,0.0,5.072655346950926,0.002359829236758648,2075.9966598385577,56,-10.761486666666668
472,116.2,-0.8184576233898095,11.713103291596715,0.0022102245617080882,-5.886957,11.7,0.0,5.068516314164191,0.0022102245617080882,1449.9942826301556,56,-11.088133333333333
474,116.8,-0.6065768169347212,11.715553741913087,0.038462281103429787,-5.678261,11.7,0.0,5.071708032965031,0.03846228110342979,1017.8462485569846,56,-11.649906666666666
476,117.4,-0.4004521914731769,11.721578189292075,0.044039980589023545,-5.469565,11.7,0.0,5.06915873531534,0.04403998058902355,2079.9215529762478,56,-11.345546666666667
478,118.0,-0.1906776127525874,11.725805969276102,0.020414644171408813,-5.26087,11.7,0.0,5.070258059680187,0.020414644171408813,1343.428289065079,56,-11.518220000000001
480,118.6,-0.07436969625980908,11.726637545191373,0.003871597122801764,-5.052174,11.7,0.0,4.977875575498868,0.003871597122801764,1530.9657707336648,56,-11.502539999999998
482,119.2,0.1301023697740103,11.726399931631823,0.0015372851910413353,-4.843478,11.7,0.0,4.9736504351423365,0.0015372851910413353,2239.573439223474,56,-9.590513333333334
484,119.8,0.3418316546555451,11.725544939696036,0.00017253443495863325,-4.634783,11.7,0.0,4.976680215251569,0.00017253443495863325,1589.798710298656,56,-10.198393333333334
486,120.4,0.5464098650570108,11.724798070073769,-6.275894866509756e-06,-4.426087,11.7,0.0,4.972558699229319,6.275894866509756e-06,2260.678279439374,56,-10.141413333333334
488,121.0,0.7417058312680032,11.723936260424914,0.0015299236364776888,-4.217391,11.7,0.0,4.959154597958757,0.0015299236364776888,1547.1857058583014,56,-11.334686666666666
490,121.6,0.6239814037852365,11.721997877572331,-0.002924871419736341,-4.008696,11.7,0.0,4.632729631023161,0.002924871419736341,86.90222712043318,56,-17.251506666666668
492,122.2,0.6769542082367008,11.722933235419879,-0.00705648670468969,-3.8,11.7,0.0,4.47701294569662,0.00705648670468969,447.1201628681779,56,-13.752800000000002
494,122.8,0.8269982358518017,11.722463631506422,-0.0049653745395200136,-3.591304,11.7,0.0,4.418359340532805,0.0049653745395200136,1574.3865710739929,56,-10.856246666666665
496,123.4,0.9608479042770673,11.7206850066624,-0.00543085944821674,-3.382609,11.7,0.0,4.343506158486798,0.005430859448216741,1176.2916624682985,56,-11.279073333333331
498,124.0,1.0823531893634348,11.717733430483644,-0.005641934999877537,-3.173913,11.7,0.0,4.2563031317418005,0.005641934999877537,940.7655025871142,56,-12.497459999999997
500,124.6,1.1768433326294554,11.714738716805694,-0.005094361946849216,-2.965217,11.7,0.0,4.142086554976309,0.005094361946849215,638.5316544176579,56,-13.841673333333329
502,125.2,1.5074612486831618,11.716344919949528,0.003801597330327727,-2.756522,11.7,0.0,4.264014575662092,0.003801597330327727,547.6719954864863,56,-13.291106666666664
504,125.8,1.7490111926708458,11.718223992818832,0.0025259243182694474,-2.547826,11.7,0.0,4.296875838819845,0.0025259243182694474,1929.3788304991022,56,-10.420546666666668
506,126.4,2.000598892054949,11.716652515378588,-0.03141748885589586,-2.33913,11.7,0.0,4.33976084165993,0.03141748885589587,604.9897173059103,56,-13.246006666666666
508,127.0,2.0803222211559875,11.712012501576805,-0.034830435930469784,-2.130435,11.7,0.0,4.21077435582951,0.034830435930469784,338.9068686082213,56,-14.306046666666662
510,127.6,2.2800831842076335,11.70899738889123,-0.013780596883393505,-1.921739,11.7,0.0,4.201831817279968,0.013780596883393505,416.207328199072,56,-14.94097999999999
512,128.1,2.3160965075725306,11.707964963718982,-0.004876380274575052,-1.747826,11.7,0.0,4.063930312911585,0.004876380274575052,1119.3582101023599,56,-12.752
514,128.7,2.3598984343895526,11.714604322793505,0.01764800114627948,-1.53913,11.7,0.0,3.8990557854976253,0.01764800114627948,1099.817602543155,56,-11.483646666666663
516,129.3,-0.3767650002414544,11.837202958044953,-0.06846927045995825,-1.330435,11.7,0.0,0.9634890347771218,0.06846927045995825,4.497351774993695,56,-21.842699999999994
518,129.9,-0.16593726667286085,11.821552962307987,-0.047124634235958994,-1.121739,11.7,0.0,0.9634999097441632,0.047124634235958994,1346.738507372727,56,-11.953566666666669
520,130.5,0.06028838910161724,11.806557444285877,-0.033392141590206606,-0.913043,11.7,0.0,0.9791468132732812,0.033392141590206606,1649.6838041457995,56,-11.766473333333337
522,131.1,0.286325078689638,11.79332590493968,-0.02716091873293792,-0.704348,11.7,0.0,0.9950592310878866,0.02716091873293792,1797.0727304714117,56,-10.303513333333335
524,131.7,0.5134399021864802,11.774944538354953,-0.06899803958228391,-0.495652,11.693478,-0.062419,1.0123750608988094,0.00657903958228391,540.975713259758,56,-14.015606666666667
526,132.3,0.7437123126969878,11.753107107012035,-0.07319529345781191,-0.286957,11.680435,-0.062419,1.033228177738514,0.010776293457811906,1929.7128833362412,56,-9.532340000000001
528,132.9,0.8611803261550561,11.73787166749264,-0.0832406650385207,-0.078261,11.667391,-0.062419,0.9420814878651309,0.0208216650385207,686.2834025646425,56,-11.545626666666669
530,133.5,1.049121484959272,11.718116452544514,-0.0798879465366,0.130435,11.654348,-0.062419,0.9208969937982991,0.0174689465366,1918.4958591837544,56,-10.327333333333334
532,134.1,1.266578307883581,11.70700994640721,-0.009427034107449129,0.33913,11.65,0.0,0.9291988472794566,0.009427034107449129,1183.8058653792407,56,-10.965786666666666
534,134.7,1.4128426200194233,11.705805368030216,-0.012002828306253642,0.547826,11.65,0.0,0.8668148545167043,0.012002828306253642,1584.933793077297,56,-10.512673333333336
536,135.3,1.7441117779629924,11.69372417704588,-0.010296880083521637,0.756522,11.65,0.0,0.9885572179673425,0.010296880083521637,650.4455332792567,56,-12.721546666666667
538,135.9,1.8143174232079775,11.695301631804018,-0.013103793341626388,0.965217,11.65,0.0,0.8503080421447707,0.013103793341626388,545.8627091381156,56,-12.52029333333333
540,136.5,1.954746224034849,11.648421739437769,-0.2543214165767628,1.166667,11.608333,-0.244979,0.7890982007235089,0.009342416576762824,1379.236351196082,56,-11.912659999999999
542,137.1,2.0982930672571194,11.598546620239302,-0.2493250867684387,1.366667,11.558333,-0.244979,0.7327303989482555,0.0043460867684387006,1638.8163972788814,56,-10.911526666666667
544,137.7,2.25434517467393,11.549020118287975,-0.24595895893820172,1.566667,11.508333,-0.244979,0.6888807687237666,0.0009799589382017138,1706.8961683043415,56,-11.937973333333332
546,138.3,2.419471732968535,11.499749719589985,-0.25014451509577795,1.766667,11.458333,-0.244979,0.6541172402923773,0.0051655150957779505,614.3536570760623,56,-12.897639999999999
548,138.9,2.6003655110185084,11.397777793970402,-0.5140058556065781,1.945833,11.366667,-0.519146,0.6552714624349688,0.005140144393421919,1113.8998178062545,56,-13.16408666666667
550,139.5,2.7317545447254252,11.300016516213633,-0.516735955498465,2.120833,11.266667,-0.519146,0.6118311237926548,0.0024100445015350362,1460.7974760616883,56,-11.342833333333333
552,140.1,2.8669887051658733,11.202315130778734,-0.5161243229077556,2.295833,11.166667,-0.519146,0.5722670956568652,0.0030216770922444343,1550.1438750962202,56,-10.942686666666665
554,140.7,3.057555783806756,11.092003362339236,-0.505154900538117,2.470833,11.066667,-0.519146,0.5872695771913736,0.013991099461883039,1961.2366425427426,56,-10.874373333333335
556,141.3,3.2558653425468083,11.082791858537416,0.013100758609941143,2.673913,11.05,0.0,0.5828754884038745,0.013100758609941143,1111.9266908181207,56,-11.78298
558,141.9,3.450229931773087,11.081818732545187,0.009968486174228337,2.882609,11.05,0.0,0.5685120525791247,0.009968486174228337,2237.201360704578,56,-11.222426666666665
560,142.5,3.630049725677858,11.08061838801251,-0.005675490970119903,3.091304,11.05,0.0,0.539615087465729,0.005675490970119902,1121.8629483726784,56,-12.664573333333333
562,143.1,3.7674949925994907,11.081456088757399,-0.0005710290696820142,3.3,11.05,0.0,0.46855208208427734,0.0005710290696820143,1378.0025312825824,56,-12.494320000000002
564,143.7,3.9052932918046612,11.080423524842523,0.003350594344934043,3.508696,11.05,0.0,0.39776249537963626,0.0033505943449340424,1523.1185055745934,56,-12.183513333333336
566,144.3,4.074918746914525,11.082056767661673,0.023099156418493413,3.717391,11.05,0.0,0.35896201214988066,0.023099156418493413,1443.2018444770138,56,-11.129853333333333
568,144.9,4.256164573512786,11.083907352449769,0.012902220983159018,3.926087,11.05,0.0,0.3318145763619214,0.012902220983159018,2150.4094207247385,56,-11.303466666666667
570,145.5,4.410483266351552,11.082453215231562,0.008957544354076707,4.134783,11.05,0.0,0.27760376086282174,0.008957544354076707,950.798943361801,56,-12.976753333333335
572,146.1,4.584128801404199,11.082331142172025,0.006076367470542648,4.343478,11.05,0.0,0.24281291351703413,0.006076367470542648,1922.5949139607965,56,-12.199733333333334
574,146.7,4.742891655322717,11.081646442469085,0.0039011285462556807,4.552174,11.05,0.0,0.19332542867596028,0.0039011285462556807,787.4563650291929,56,-13.742900000000002
576,147.3,4.893421188813006,11.082712090579015,0.00799859796986036,4.76087,11.05,0.0,0.13652801370338227,0.00799859796986036,1645.4387541996332,56,-13.085980000000001
578,147.9,5.044829115912428,11.038523135671898,-0.5548859955795656,4.958333,11.0125,-0.571337,0.09032597443777907,0.016451004420434345,1681.7876582138736,56,-13.902626666666668
580,148.5,5.238011227532628,10.931290339777064,-0.4615127488629103,5.133333,10.9,-0.571337,0.10925482452842332,0.10982425113708966,51.6335052618479,56,-24.570326666666666
582,149.1,-10.0529746304734,0.3825298949298083,1.0249125579420892,5.308333,10.7875,-0.571337,18.55352190300927,1.5962495579420892,1.1015106611685557,56,-25.548679999999997
584,149.7,-10.506573612090614,0.17931896806732694,1.0689551071786303,5.483333,10.675,-0.571337,19.126851120543876,1.6402921071786303,2150.3700512570717,56,-16.674213333333334
586,150.3,-10.36280140849949,0.3328485296050889,0.4497244741879931,5.625,10.5375,-1.19029,18.96693716734073,1.6400144741879932,1183.50476144414,56,-21.91959333333333
588,150.9,-5.54969479028718,1.082518790685465,0.22318854622167703,5.7,10.35,-1.19029,14.575384757858453,1.413478546221677,14.395253070800178,56,-406.74736
590,151.5,4.5490672592700525,1.5217087792221367,-2.0048310304214496,5.775,10.1625,-1.19029,8.727323988821857,0.8145410304214495,123.43890802146527,56,-391.40569999999997
592,152.1,4.493034984852693,1.3905958186052154,-1.9966025071244933,5.85,9.975,-1.19029,8.690992417548298,0.8063125071244932,945.8372643907688,56,-272.90244
594,152.7,4.527075649728146,1.3311400380731824,-1.8993081999229133,5.929167,9.7875,-1.134169,8.571807508348872,0.7651391999229133,16.082513454651732,56,-395.18872000000005
596,153.3,4.5585098539499835,1.3910075209564567,-1.7776632494870486,6.016667,9.6,-1.134169,8.337492415802858,0.6434942494870487,198.39659051661755,56,-379.6879666666666
598,153.9,4.509640322443498,1.1739379354589898,-1.7918208731625924,6.104167,9.4125,-1.134169,8.39144923220856,0.6576518731625924,2339.1728608608514,56,-28.33901333333333
600,154.5,4.493063165167586,1.0192185130932199,-1.7858248917781139,6.191667,9.225,-1.134169,8.379743719146154,0.6516558917781139,653.1451750384068,56,-248.60308
602,155.1,11.548181602897678,-4.683126640267072,-1.4208802959745805,6.2625,9.033333,-1.385448,14.699649488007749,0.03543229597458053,47.15947836392425,56,-373.6403066666666
604,155.7,-7.413608183982694,11.723023453525915,-0.024125500791594708,6.3,8.833333,-1.385448,14.01475509386432,1.3613224992084052,1302.7895942450705,56,-202.36084666666667
606,156.3,-7.217462213558469,11.721281696052166,-0.002852783924224414,6.3375,8.633333,-1.385448,13.902245421529868,1.3825952160757755,819.5938032237466,56,-18.87272
608,156.9,-7.0181414582842585,11.723020123253086,0.016879261234756582,6.375,8.433333,-1.385448,13.79123922968889,1.4023272612347566,2533.419211626077,56,-10.724793333333334
610,157.5,-6.812303024704104,11.711493250296666,-0.1588504428105227,6.4,8.230435,-1.570796,13.663188418468206,1.4119455571894775,2189.196094834927,56,-10.67868
612,158.1,-6.60049682415001,11.680947128628778,-0.14684873464323786,6.4,8.021739,-1.570796,13.505655178604163,1.4239472653567622,1929.0470033015083,56,-11.688733333333332
614,158.7,-6.392409245624227,11.653698953123147,-0.1307816077073032,6.4,7.813043,-1.570796,13.356510489562478,1.440014392292697,1636.2467641606875,56,-13.122173333333334
616,159.3,-6.205353621004743,11.63152822156419,-0.10973877656737535,6.4,7.604348,-1.570796,13.233031415648313,1.4610572234326247,2722.785874897334,56,-11.724086666666667
618,159.9,-6.002919936122776,11.613212919783454,-0.09991520837296154,6.4,7.395652,-1.570796,13.100390950424208,1.4708807916270386,2435.147486264238,56,-12.060946666666668
620,160.5,-5.79900164330735,11.59424882536105,-0.09586886540148555,6.4,7.186957,-1.570796,12.970730986621756,1.4749271345985144,2194.8423826235003,56,-12.04244
622,161.1,-5.596664138847343,11.578688416725255,-0.08744578229102735,6.4,6.978261,-1.570796,12.848497300340739,1.4833502177089728,1841.5350791813714,56,-12.631173333333335
624,161.7,-5.373826985815201,11.56159997750872,-0.07371806301718435,6.4,6.769565,-1.570796,12.711671845889402,1.4970779369828158,1428.8395658901995,56,-14.328040000000003
626,162.3,-5.1614997497196855,11.547898304160073,-0.06696351003063182,6.4,6.56087,-1.570796,12.591216294276819,1.5038324899693682,2747.066267364206,56,-12.318186666666666
628,162.9,-2.0541260967532464,11.499020182460654,-0.17059282858706776,6.4,6.352174,-1.570796,9.897589286574489,1.4002031714129324,115.19999212551346,56,-24.02886666666667
630,163.5,9.76171968906278,8.184910008700857,1.2931106548141789,6.4,6.143478,-1.570796,3.9330146089203337,2.863906654814179,2.1009761676565244,56,-23.261213333333338
632,164.1,10.981939814440572,8.022902821463532,1.4157268772861575,6.4,5.934783,-1.570796,5.035316956453149,2.9865228772861574,685.6967005634224,56,-22.171793333333333
634,164.7,11.00929358098895,8.2094386622704,1.442401898529495,6.4,5.726087,-1.570796,5.235706522929556,3.013197898529495,1039.5955492241417,56,-18.572940000000006
636,165.3,11.034380706246344,8.41690020290838,1.4526545495061047,6.4,5.517391,-1.570796,5.466684383442924,3.023450549506105,1961.566086142328,56,-17.212740000000004
638,165.9,11.048131631311719,8.601233238920006,1.4824862988030867,6.4,5.308696,-1.570796,5.6961328225099805,3.0532822988030865,1191.5201467270897,56,-17.816993333333333
640,166.5,11.041884010755801,8.744031844701656,1.533802229067716,6.4,5.1,-1.570796,5.9013604579376535,3.104598229067716,418.2686528085238,56,-18.71046666666667
642,167.1,5.268133516195556,1.8407236554298134,-2.1678325906113183,6.4,4.891304,-1.570796,3.2537919687401335,0.5970365906113182,3.108055917486012,56,-22.861720000000002
644,167.7,4.973805395381502,1.442139047083382,-2.1451824697181405,6.4,4.682609,-1.570796,3.540434516552784,0.5743864697181404,1006.1574910887437,56,-17.39072666666667
646,168.3,4.837710247366211,1.2303128296409176,-2.126493249253594,6.4,4.473913,-1.570796,3.600234900161101,0.5556972492535941,1446.065279925192,56,-15.148406666666666
648,168.9,4.716317112065644,1.0343452118897503,-2.117356775024531,6.4,4.265217,-1.570796,3.6432568641710805,0.5465607750245307,2339.9751670301207,56,-12.679453333333333
650,169.5,4.6442417002177905,0.9175332557656732,-2.1141137431921413,6.4,4.056522,-1.570796,3.5966564394843044,0.5433177431921412,1031.2430431811285,56,-190.14996000000005
652,170.1,4.633889945781436,0.8977417229922854,-2.1020976722207663,6.4,3.847826,-1.570796,3.4383341846103366,0.5313016722207662,22.76722791991904,56,-370.8945133333334
654,170.7,7.0464400946225565,1.3646205003966916,-1.3345358228931972,6.4,3.63913,-1.570796,2.3645883911838257,0.23626017710680292,36.57564770017423,56,-362.23766666666666
656,171.3,9.470718660355768,-1.7417575345478713,1.5371912413661046,6.404348,3.569565,1.508378,6.132925573711677,0.028813241366104636,3.1092793294937047,56,-27.25914
658,171.9,11.081771954159734,-3.556940902339339,1.396432452525307,6.417391,3.778261,1.508378,8.69261966461266,0.11194554747469311,1162.0141755449138,56,-17.134826666666665
660,172.5,11.118189128558964,-3.3494608120943665,1.412330981311184,6.430435,3.986957,1.508378,8.706208421777937,0.09604701868881604,2220.3078868209604,56,-13.518366666666669
662,173.1,11.149833165498539,-3.1435555396942085,1.4254877991772448,6.443478,4.195652,1.508378,8.718586253201783,0.08289020082275521,1790.900526558669,56,-12.067333333333334
664,173.7,11.181350995644674,-2.9413649376024233,1.3863164344506267,6.4625,4.4,1.446441,8.727152678059149,0.0601245655493734,1064.7683445590035,56,-14.2435
666,174.3,11.22011647109352,-2.7406526675958647,1.3843821982749724,6.4875,4.6,1.446441,8.7340048230321,0.062058801725027646,2719.7559109120893,56,-12.190866666666668
668,174.9,11.262186920673209,-2.539724511715238,1.3766431401443138,6.5125,4.8,1.446441,8.742487160544625,0.0697978598556863,2355.526872093007,56,-12.583
670,175.5,11.303183117712631,-2.339099970209798,1.3766890394420686,6.5375,5.0,1.446441,8.7506642005727,0.06975196055793154,2108.5069426019695,56,-13.266666666666667
672,176.1,-3.19892485182958,-11.970124437348233,-0.7479241065410752,6.622,5.172,0.785398,19.75608754715405,1.5333221065410751,1.604961087793463,56,-36.067460000000004
674,176.7,-3.054886345981396,-12.097648252912611,-0.7302919189300724,6.766,5.316,0.785398,19.992122300967704,1.5156899189300725,335.90225345301,56,-28.561966666666663
676,177.3,-2.902170753746442,-12.234016194128953,-0.7292636632377391,6.91,5.46,0.785398,20.232570374986334,1.5146616632377392,1197.6555903970595,56,-30.199506666666668
678,177.9,-2.754992563262533,-12.365479529449546,-0.7363056744033252,7.054,5.604,0.785398,20.47238456226939,1.5217036744033252,1294.0432905773516,56,-33.19754
680,178.5,-2.57730106157777,-12.470731591691044,-0.22748744914458727,7.170833,5.766667,1.267911,20.679188211211464,1.4953984491445873,2762.791917313475,56,-12.137226666666669
682,179.1,-2.3840937334934713,-12.503757631689583,-0.21308849426444568,7.233333,5.966667,1.267911,20.824300301547712,1.4809994942644458,2063.1111581146256,56,-12.698793333333333
684,179.7,-2.175647260164409,-12.557496537849385,-0.2326704991745136,7.295833,6.166667,1.267911,20.98340388285019,1.5005814991745137,1856.5161028376904,56,-12.294659999999999
686,180.3,-1.9730750460571935,-12.603602103840144,-0.22580641762401238,7.358333,6.366667,1.267911,21.141104181052913,1.4937174176240124,1641.426760923554,56,-12.221193333333334
688,180.9,-1.765997700335631,-12.62931651144046,0.06453819257991099,7.4,6.569565,1.570796,21.2746930678891,1.5062578074200892,2780.38980788624,56,-11.737173333333335
690,181.5,-1.5615759869983972,-12.63159668661327,0.026256362174165382,7.4,6.778261,1.570796,21.378784333664214,1.5445396378258347,1529.056454433897,56,-13.663913333333335
692,182.1,-1.34940868712786,-12.636039683963102,-0.0002904829183746363,7.4,6.986957,1.570796,21.485207730743852,1.5710864829183748,2025.14736038662,56,-12.780033333333332
694,182.7,-1.1436252900622015,-12.635575255156574,0.0024454213539607805,7.4,7.195652,1.570796,21.593311639085268,1.5683505786460392,1989.650062694017,56,-11.620126666666668
696,183.3,-0.9462693524593075,-12.648022803326176,-0.0390443664895583,7.4,7.404348,1.570796,21.71998588714757,1.6098403664895584,888.2413648289297,56,-16.86308
698,183.9,5.055633569069977,2.040710605503712,-1.6019042788150566,7.4,7.613043,1.570796,6.045406709000174,3.11048502836453,1.0001946378503863,56,-31.8532
700,184.5,5.049325711710306,1.834859880635424,-1.613042381517364,7.4,7.821739,1.570796,6.431826427968173,3.0993469256622226,2555.764130086472,56,-13.299266666666668
702,185.1,5.038681205181598,1.624649339803547,-1.6243284896286247,7.4,8.030435,1.570796,6.827145551044093,3.088060817550962,2222.968161105188,56,-12.769226666666667
704,185.7,5.02520890276781,1.418055313361525,-1.6365483986099227,7.4,8.23913,1.570796,7.222651357790533,3.075840908569664,1942.8850904100088,56,-13.208080000000002
706,186.3,5.010348285150716,1.2094495262541833,-1.6399484422070623,7.4,8.447826,1.570796,7.622632700974056,3.0724408649725246,1940.8085042920843,56,-12.912913333333336
708,186.9,4.995284387294223,1.0144136986273549,-1.6411204529790548,7.4,8.656522,1.570796,8.01152148270849,3.071268854200532,1744.289831634379,56,-55.583686666666665
710,187.5,4.9835067966654325,0.9271805102228515,-1.6521052694773004,7.4,8.865217,1.570796,8.297702255130373,3.0602840377022864,380.1763838628979,56,-330.1952533333333
712,188.1,4.934495359162514,0.9662940693400881,-1.7148188250605907,7.4,9.073913,1.570796,8.474207801251167,2.997570482118996,49.708929635961375,56,-395.34664666666663
714,188.7,4.9046736519973235,1.054273781911445,-1.800875471541549,7.4,9.282609,1.570796,8.598380896673095,2.9115138356380377,17.674074608565387,56,-392.3237066666667
716,189.3,4.761626130640493,1.6078231556048193,-2.207892034387414,7.4,9.491304,1.570796,8.313259703537765,2.5044972727921726,419.93213116843583,56,-317.76134
718,189.9,4.652587405925823,1.4941128303488413,-2.21934457413235,7.4,9.7,1.570796,8.653603885267854,2.4930447330472365,2508.382209308604,56,-54.202819999999996
720,190.5,4.551103570112099,1.3660888107403846,-2.21729173990411,7.4,9.908696,1.570796,9.005129008416155,2.4950975672754767,1773.1544892620352,56,-147.88234666666665
722,191.1,4.505751395933483,1.281471519611785,-2.1899070660978,7.4,10.117391,1.570796,9.297857174964827,2.5224822410817866,307.8013269327591,56,-350.45033333333333
724,191.7,4.48718123353496,1.1851987865579052,-2.114575581039241,7.4,10.326087,1.570796,9.593766231095874,2.597813726140345,38.04606345547771,56,-398.6721866666667
726,192.3,5.074417328030265,0.5776547303807125,-1.816406749099374,7.425,10.522917,0.741947,10.219270057556818,2.558353749099374,3.7183371573025004,56,-395.3501733333333
728,192.9,4.498358017734521,1.4662699361560785,-2.4031901885267017,7.575,10.660417,0.741947,9.695259982002971,3.138048118652885,197.77799852015914,56,-304.23688
730,193.5,4.655543128074313,1.8596558609157143,-2.4094583634540374,7.725,10.797917,0.741947,9.450612555759344,3.131779943725549,3.871283135422994,56,-397.46002000000004
732,194.1,4.54217070213568,2.100104381841805,-2.3773376340367003,7.875,10.935417,0.741947,9.44301330028123,3.1192846340367004,663.4693286756734,56,-284.21752000000004
734,194.7,7.776488460395125,6.665587363236369,-0.5509926528725944,8.034783,11.05,0.0,4.392014371402069,0.5509926528725944,3.6881642369456538,56,-361.56023999999996
736,195.3,8.149414190625745,11.109430990720313,-0.019443987846240903,8.243478,11.05,0.0,0.11126564111168358,0.019443987846240903,910.2078841147851,56,-122.24968000000001
738,195.9,8.3776131097929,11.101632976523554,-0.014763027662102463,8.452174,11.05,0.0,0.09069338792413088,0.014763027662102465,1913.1233594313037,56,-22.190440000000002
740,196.5,8.61403091940059,11.096393186585225,-0.007965361241024892,8.66087,11.05,0.0,0.06592592231383088,0.007965361241024892,1098.1354383457679,56,-22.951073333333333
742,197.1,8.847513857880893,11.092397431688905,-0.00391560693033533,8.869565,11.05,0.0,0.047789068651443396,0.00391560693033533,2190.1168923175087,56,-12.029200000000001
744,197.7,9.073448185566443,11.088556977947423,-0.002458596218674953,9.078261,11.05,0.0,0.038856192958264285,0.002458596218674953,1451.778075252617,56,-12.17678
746,198.3,9.295580197177529,11.086868764450724,0.001067141611111152,9.286957,11.05,0.0,0.03786377320983039,0.001067141611111152,2332.8576912396684,56,-13.187820000000002
748,198.9,9.516453590239056,11.083668125943479,0.00021204338442079124,9.495652,11.05,0.0,0.039575862100774566,0.00021204338442079124,1702.3661387022607,56,-13.664393333333336
750,199.5,9.731867365357438,11.081005142106267,-0.00048620522447987975,9.704348,11.05,0.0,0.04145641454233556,0.00048620522447987975,1170.7113765422755,56,-13.912973333333335
752,200.1,9.947907049142707,11.079319542518403,0.004810239037120262,9.913043,11.05,0.0,0.045553677086635776,0.004810239037120262,2389.098862158376,56,-13.133800000000003
754,200.7,10.15787731836971,11.080383461819842,0.007837339075708397,10.121739,11.05,0.0,0.0472136930005302,0.007837339075708397,1776.945243222197,56,-13.693646666666668
756,201.3,10.36732194318662,11.082731984645488,0.014374938445061646,10.330435,11.05,0.0,0.04931561006907872,0.014374938445061648,1203.7831373020208,56,-14.956
758,201.9,10.547823168402697,10.996659688453178,-0.5688027585992166,10.512,10.97,-0.620249,0.04465465689968367,0.051446241400783466,2458.169031379157,56,-11.114539999999998
760,202.5,10.714510973283502,10.897064152417368,-0.5224934076350554,10.68,10.85,-0.620249,0.05836130327314419,0.09775559236494467,816.2755035246157,56,-14.118313333333335
762,203.1,10.848895248972855,10.786447106705632,-0.616720792300568,10.848,10.73,-0.620249,0.056454205566638965,0.003528207699432073,76.76605450036391,56,-22.47162
764,203.7,11.01145589201393,10.672022402995989,-0.6068507908458719,11.016,10.61,-0.620249,0.06218864358374422,0.013398209154128149,1710.226781195841,56,-11.150593333333333
766,204.3,11.129810845009619,10.515780037503784,-1.1317514091713279,11.14375,10.45625,-1.134169,0.06114021104844002,0.0024175908286721004,1069.9247348182844,56,-10.961
768,204.9,11.214262905561032,10.330529613378033,-1.1373814161833067,11.23125,10.26875,-1.134169,0.06407247464096848,0.0032124161833066993,2070.133018230062,56,-11.378800000000004
770,205.5,11.302759092433194,10.137609089977524,-1.1465439371735409,11.31875,10.08125,-1.134169,0.05858375327601202,0.01237493717354088,1232.9380166322821,56,-12.855926666666667
772,206.1,11.388806830577272,9.946639459245329,-1.141061771110424,11.40625,9.89375,-1.134169,0.05569164262951184,0.0068927711104240785,2132.5241358540998,56,-11.424560000000003
774,206.7,11.446353448982721,9.74765048123416,-1.397404516740473,11.46875,9.7,-1.385448,0.05265143739079385,0.011956516740472933,1234.9338545914527,56,-12.596833333333333
776,207.3,11.444458460352129,9.5350985558674,-1.4448389381230295,11.50625,9.5,-1.385448,0.07106407669161237,0.059390938123029535,1416.88123288397,56,-11.457286666666667
778,207.9,11.514772456870524,9.333919433062345,-1.4008064215164047,11.54375,9.3,-1.385448,0.044611948456567484,0.015358421516404652,1340.0104607654778,56,-10.089
780,208.5,11.355988428445306,9.141368331556002,-1.37641103308483,11.58125,9.1,-1.385448,0.2290286324349387,0.009036966915169975,1885.86938276929,56,-10.636706666666669
782,209.1,11.28923314985921,8.967439533139553,-1.551700600303792,11.6,8.895652,-1.570796,0.3189505997183419,0.019095399696207993,1258.8793740243493,56,-11.47
784,209.7,-7.707226010515783,11.591450862752579,0.03251563372030325,11.6,8.686957,-1.570796,19.524473381372022,1.6033116337203033,2220.153888021485,56,-10.139113333333333
786,210.3,-7.495272050820918,11.596190513254404,0.047865833365332525,11.6,8.478261,-1.570796,19.348149760235092,1.6186618333653326,1557.5090770889458,56,-10.52648
788,210.9,-7.300295308248471,11.605440965794845,0.03386795988270161,11.6,8.269565,-1.570796,19.192426402051588,1.6046639598827017,2193.874894768238,56,-11.461566666666668
790,211.5,-7.07693159618735,11.61819874180926,0.06286037181513493,11.6,8.06087,-1.570796,19.01268948954786,1.633656371815135,398.4250917163495,56,-15.127526666666665
792,212.1,-6.880465063649504,11.624925334828525,0.03672551496634026,11.6,7.852174,-1.570796,18.861634118050862,1.6075215149663404,1665.6195109065056,56,-10.904433333333333
794,212.7,-6.673578295002901,11.628193156946576,0.01489470720965513,11.6,7.643478,-1.570796,18.702984216044264,1.585690707209655,881.402052266583,56,-12.205660000000002
796,213.3,-6.470775711272312,11.629693978224207,0.011990801194561782,11.6,7.434783,-1.570796,18.55128601801868,1.5827868011945618,2262.0551460522424,56,-10.523420000000002
798,213.9,-6.260490490854304,11.631204830895603,0.009236986911560973,11.6,7.226087,-1.570796,18.39571101311312,1.580032986911561,1479.6874197705824,56,-11.402146666666667
800,214.5,-6.052906991370628,11.634353786807708,0.01986982384677206,11.6,7.017391,-1.570796,18.246683825307798,1.5906658238467721,1945.618411533526,56,-11.32638
802,215.1,-5.844711828637207,11.636584498727037,0.009157890164186907,11.6,6.808696,-1.570796,18.100455191523103,1.579953890164187,1524.509754571491,56,-10.686386666666667
804,215.7,-5.641224416000422,11.642104184300266,0.03197739654154061,11.6,6.6,-1.570796,17.963369226518374,1.6027733965415407,1516.3900390944827,56,-10.990906666666667
806,216.3,-5.433178230286839,11.645920071883184,0.018495622550200812,11.6,6.391304,-1.570796,17.82526719821082,1.589291622550201,2436.013513466643,56,-8.481253333333335
808,216.9,-5.222670413542675,11.646906816765544,0.008344839505759295,11.6,6.182609,-1.570796,17.687871281558806,1.5791408395057593,1878.2943421824089,56,-9.280793333333335
810,217.5,-5.012164904317316,11.65062703538478,0.029984472674188304,11.6,5.973913,-1.570796,17.55531557813093,1.6007804726741883,1167.9414380736948,56,-10.908846666666667
812,218.1,-4.803993064792351,11.653781035157895,0.019002642834832693,11.6,5.765217,-1.570796,17.42888908869153,1.5897986428348327,2438.445675922348,56,-10.72126
814,218.7,-4.595835056457922,11.655237697225479,0.009091206714956382,11.6,5.556522,-1.570796,17.30605114783774,1.5798872067149565,1915.147859570895,56,-11.031746666666667
816,219.3,-4.387957638630471,11.655403022779673,0.002601011259130956,11.6,5.347826,-1.570796,17.187213775156824,1.5733970112591311,1598.82280941354,56,-11.116180000000004
818,219.9,-3.993729018658342,11.432793283009858,0.056416599017965724,11.6,5.13913,-1.570796,16.8159026587113,1.6272125990179658,735.8117681540153,56,-13.019866666666669
820,220.5,-3.985028325349392,11.665232099650018,0.026036478306779475,11.6,4.930435,-1.570796,16.97794451267282,1.5968324783067795,1792.8392819317507,56,-10.337066666666667
822,221.1,2.84275678318219,3.4403654143609153,-2.227106639637944,11.6,4.721739,-1.570796,8.850493038496504,0.6563106396379439,11.168308267654616,56,-18.278373333333338
824,221.7,-3.5785998872726474,11.669154117092212,0.017235965028760444,11.6,4.513043,-1.570796,16.780936233061727,1.5880319650287604,654.9128651868158,56,-185.83787333333333
826,222.3,-3.3739892752654495,11.668894508959843,0.008581093306171619,11.6,4.304348,-1.570796,16.68702789889192,1.5793770933061717,2084.900163926516,56,-28.0742
828,222.9,-3.1683438820529286,11.66688165660519,0.00188213682282893,11.6,4.095652,-1.570796,16.596008542165436,1.572678136822829,1560.5600963710162,56,-28.516626666666667
830,223.5,-2.9619548382450454,11.665310375555817,-0.0007369958322072952,11.6,3.886957,-1.570796,16.50918865196315,1.5700590041677929,2498.854457735006,56,-10.001173333333334
832,224.1,-2.750952681430665,11.664326879836524,-0.0034402121516979326,11.6,3.678261,-1.570796,16.423370272320817,1.5673557878483022,2101.0600620677237,56,-10.146513333333333
834,224.7,-2.550125403638358,11.656508037687,-0.04005494422305009,11.6,3.469565,-1.570796,16.347846501635107,1.53074105577695,948.7270557500556,56,-13.875673333333335
836,225.3,-2.342036667880062,11.650805673399665,-0.024223157036737487,11.6,3.26087,-1.570796,16.271797904727567,1.5465728429632626,2037.4639751856967,56,-11.062193333333333
838,225.9,-2.1428948758886284,11.646183981290548,-0.016611412628691993,11.6,3.052174,-1.570796,16.208768217487947,1.554184587371308,1553.2044645700796,56,-10.817373333333334
840,226.5,-1.9375671358799433,11.643267291695796,-0.01128585684128252,11.6,2.843478,-1.570796,16.146269399979076,1.5595101431587175,2473.4201741430984,56,-8.788213333333333
842,227.1,-1.7345486890390178,11.636312610832004,-0.04850883307152011,11.6,2.634783,-1.570796,16.088434481795844,1.5222871669284799,1191.4820123022885,56,-11.361686666666666
844,227.7,-1.524823378444172,11.63074700104152,-0.023779261005102994,11.6,2.426087,-1.570796,16.030806419208247,1.547016738994897,1628.4859713469057,56,-10.471193333333336
846,228.3,-1.3119551082430627,11.62748657970057,-0.01267664028989807,11.6,2.217391,-1.570796,15.977123756683627,1.558119359710102,2187.527790143163,56,-9.218613333333334
848,228.9,-1.102089574923912,11.626027000208069,-0.0035483734032882414,11.6,2.008696,-1.570796,15.932235723116635,1.567247626596712,1615.7552040201517,56,-9.9345
850,229.5,-0.8933363738896924,11.623894594952612,-0.024439440529938135,11.6,1.8,-1.570796,15.893154462343036,1.546356559470062,2009.3670828161491,56,-10.516013333333333
852,230.1,-0.688596655711617,11.625052622534241,0.018085501284355824,11.6,1.591304,-1.570796,15.864605862957154,1.588881501284356,940.4511213653291,56,-12.3945
854,230.7,-0.4800143778133768,11.627809130269942,0.011394969288197606,11.6,1.382609,-1.570796,15.839535128199348,1.5821909692881977,2610.6795663374332,56,-9.416186666666666
856,231.3,-0.27606325182845215,11.62970059052402,0.00982790796479723,11.6,1.173913,-1.570796,15.822906575581689,1.5806239079647972,2245.335434585276,56,-9.568713333333335
858,231.9,-0.07145302148642904,11.63129862710062,0.007195688526315862,11.6,0.965217,-1.570796,15.81101239354198,1.5779916885263159,1825.1670945332398,56,-9.95288
860,232.5,0.11424672159906238,11.635510955365824,0.025361889637601973,11.6,0.756522,-1.570796,15.820079932265495,1.596157889637602,1101.886980885796,56,-11.837346666666667
862,233.1,0.31365998425260133,11.642231710371226,0.04555541989148775,11.6,0.547826,-1.570796,15.826159010239301,1.616351419891488,1805.4994624144883,56,-10.27522
864,233.7,0.06652534786700379,11.637641031049256,-0.0071173830931584685,11.6,0.33913,-1.570796,16.145506776503982,1.5636786169068415,45.111485700196404,56,-17.841813333333334
866,234.3,0.2506845064814907,11.637436034659672,-0.0037827453507443217,11.6,0.130435,-1.570796,16.16224102601734,1.5670132546492557,2460.884719279951,56,-10.10202
868,234.9,0.42274196018131865,11.636525749875414,-0.003638502947694329,11.6,-0.078261,-1.570796,16.191581945064783,1.5671574970523057,1776.1984239452274,56,-10.8576
870,235.5,0.6258173941296923,11.637361920639279,0.005856032971366718,11.6,-0.286957,-1.570796,16.205618334025466,1.5766520329713667,1234.596293329609,56,-11.929519999999998
872,236.1,0.8163457795745034,11.637851185859077,0.00445515200894968,11.6,-0.495652,-1.570796,16.23296331256105,1.5752511520089498,2535.1779389763756,56,-7.886086666666667
874,236.7,0.8140884033344482,11.633465518776237,-0.016290870915768633,11.6,-0.704348,-1.570796,16.387725021954147,1.5545051290842316,147.5446968584897,56,-14.126593333333336
876,237.3,0.9993273190931077,11.634285995045284,0.008973683175361808,11.6,-0.913043,-1.570796,16.425885857317706,1.5797696831753618,1659.2397232660928,56,-11.353860000000001
878,237.9,1.1490149159850054,11.647194731725662,0.05877376283797993,11.6,-1.121739,-1.570796,16.500568410558024,1.62956976283798,185.5222881371467,56,-15.941226666666667
880,238.5,1.244487439889943,11.655478905672991,0.02247637876617735,11.6,-1.330435,-1.570796,16.609352797389437,1.5932723787661773,369.7640816176402,56,-14.084000000000003
882,239.1,1.3917034011881433,11.660945075707618,0.00011142255367760805,11.6,-1.53913,-1.570796,16.686860143646893,1.5709074225536777,1365.1535840574286,56,-11.730213333333333
884,239.7,8.124815034388718,1.9759732597194324,-1.055324436703004,11.6,-1.747826,-1.570796,5.093485198947542,0.5154715632969962,17.4789967991709,56,-15.830886666666668
886,240.3,11.480720584109687,-3.286803317308795,-1.5277833983527698,11.6,-1.956522,-1.570796,1.3356181947832086,0.04301260164723031,532.7211511059193,56,-14.5676
888,240.9,11.493000848053608,-3.500633415903903,-1.533341993633195,11.6,-2.165217,-1.570796,1.3396961679361752,0.03745400636680518,1973.3642772511782,56,-10.926306666666669
890,241.5,11.502814992862083,-3.711299078058328,-1.5374626479424458,11.6,-2.373913,-1.570796,1.3409125427844404,0.033333352057554284,1241.7891623681796,56,-11.07196
892,242.1,11.514329163602095,-3.919213989542482,-1.510770126029033,11.6,-2.582609,-1.570796,1.339347748077016,0.06002587397096715,1358.4066622179387,56,-11.89986
894,242.7,11.524439441864498,-4.1372930310127485,-1.5548519638573544,11.6,-2.791304,-1.570796,1.348108255872794,0.015944036142645723,877.9474535426835,56,-13.1925
896,243.3,11.531305185470723,-4.35431034087156,-1.5539683336453463,11.6,-3.0,-1.570796,1.3560514285729923,0.016827666354653825,2057.3738528043273,56,-10.073100000000002
898,243.9,11.536640375195788,-4.566716943037471,-1.5569510173276455,11.6,-3.208696,-1.570796,1.3594981882237693,0.013844982672354565,1337.8770466565709,56,-10.574766666666667
900,244.5,11.54058177170984,-4.775706656591829,-1.5583227041841243,11.6,-3.417391,-1.570796,1.359614632458637,0.012473295815875751,2264.00681140757,56,-10.167353333333335
902,245.1,11.544138846982838,-4.9807426557636525,-1.5613377351681332,11.6,-3.626087,-1.570796,1.3558069236100168,0.009458264831866847,1544.1050447539535,56,-11.177546666666666
904,245.7,11.549976931226581,-5.186536684774406,-1.5221042264921265,11.6,-3.834783,-1.570796,1.3526789462805635,0.04869177350787357,748.2486908228267,56,-14.282546666666667
906,246.3,11.558945761707854,-5.39093965510411,-1.5199154614863668,11.6,-4.043478,-1.570796,1.3480869268921996,0.050880538513633285,2084.8433697267556,56,-10.53304
908,246.9,11.563597407063629,-5.498755287501097,-1.553558631480105,11.6,-4.252174,-1.570796,1.247112687418576,0.01723736851989499,621.8008732810487,56,-13.52846
910,247.5,11.563415905274777,-5.564169694837089,-1.5735412780409057,11.6,-4.46087,-1.570796,1.1039060705578523,0.00274527804090563,692.6683592852406,56,-12.818046666666666
912,248.1,11.557591749821295,-5.633319851595709,-1.6031894146502113,11.6,-4.669565,-1.570796,0.9646874486886856,0.032393414650211165,480.24598655312735,56,-14.00564
914,248.7,11.554911348196022,-5.848112439603683,-1.5698757294319274,11.6,-4.878261,-1.570796,0.970898965610138,0.0009202705680726454,1027.3521327605574,56,-12.730573333333334
916,249.3,11.554358047882788,-6.013139676178572,-1.5713596042343436,11.6,-5.086957,-1.570796,0.9273066037974553,0.0005636042343435399,1878.632894370303,56,-10.487180000000002
918,249.9,11.555738628564672,-6.211783561009412,-1.5667051925087603,11.6,-5.295652,-1.570796,0.9172001450495298,0.004090807491239801,1241.6247547137953,56,-10.508173333333335
920,250.5,11.557857816184466,-6.398723387771049,-1.5668407770411314,11.6,-5.504348,-1.570796,0.8953676886661461,0.003955222958868632,2057.6381052687893,56,-9.516866666666667
922,251.1,11.559298683584027,-6.554898782608484,-1.5671613803526578,11.6,-5.713043,-1.570796,0.8428391043783725,0.0036346196473422405,1012.6186464588179,56,-10.524000000000001
924,251.7,11.56074596470469,-6.739542641361124,-1.5665824617234556,11.6,-5.921739,-1.570796,0.8187451832594074,0.004213538276544471,2162.963436324057,56,-10.564673333333335
926,252.3,11.560922281647633,-6.936453954992434,-1.56698511282394,11.6,-6.130435,-1.570796,0.8069656894061367,0.0038108871760600405,1486.3552773566096,56,-11.269
928,252.9,11.561498799939674,-7.160079903231692,-1.5660294365363787,11.6,-6.33913,-1.570796,0.8218522288235334,0.004766563463621365,2101.506209215427,56,-10.294400000000001
930,253.5,11.56219737572144,-7.269228419623717,-1.5708396706236418,11.6,-6.547826,-1.570796,0.7223921991835875,4.367062364174501e-05,903.5900491312924,56,-13.414799999999998
932,254.1,11.562469401428045,-7.464050565885645,-1.5661100048714391,11.6,-6.756522,-1.570796,0.7085232652308368,0.004685995128560938,2219.1491148490045,56,-10.646973333333333
934,254.7,11.56311753809021,-7.6023372377451475,-1.5683242120833543,11.6,-6.965217,-1.570796,0.6381868953065084,0.002471787916645818,1010.9549125101988,56,-12.347833333333334
936,255.3,11.563617813114345,-7.716048865526725,-1.5711669859400696,11.6,-7.173913,-1.570796,0.5433552799163675,0.00037098594006956803,1192.6537974242772,56,-10.555373333333334
938,255.9,11.564107799883452,-7.87943713380273,-1.5694884836353677,11.6,-7.382609,-1.570796,0.4981229211420704,0.001307516364632333,2043.4353848617727,56,-9.552833333333334
940,256.4,11.564510259267596,-8.032949903107387,-1.5649043163521428,11.6,-7.556522,-1.570796,0.4777479131891152,0.005891683647857304,1421.3683133248794,56,-10.984133333333334
942,256.8,11.565238223193482,-8.166941497232681,-1.5610749514978124,11.6,-7.695652,-1.570796,0.47256975287102293,0.00972104850218769,2460.367656705417,56,-11.51802
944,257.2,11.565613541346012,-8.250982801317708,-1.5640748554870954,11.6,-7.834783,-1.570796,0.4176178913261044,0.006721144512904731,1561.6223828001755,56,-12.139906666666667
946,257.6,11.566775068415888,-8.38266894011138,-1.5602487076504292,11.6,-7.973913,-1.570796,0.4101040290647082,0.01054729234957086,2475.1570289120546,56,-11.28974
948,258.0,11.567677159140883,-8.497917373170427,-1.5609490740215863,11.6,-8.113043,-1.570796,0.3862292702068727,0.009846925978413745,1829.3965494990055,56,-11.688600000000001
950,258.4,11.568404767049607,-8.604192850403695,-1.561870438181289,11.6,-8.252174,-1.570796,0.35343391148095665,0.00892556181871118,1236.8105562267747,56,-12.299680000000002
952,258.8,11.569804628903896,-8.708484110447756,-1.5605675780452115,11.6,-8.391304,-1.570796,0.3186141599164769,0.01022842195478857,2281.8371812676364,56,-11.667493333333335
954,259.2,11.570550587586014,-8.820659653787722,-1.5602956689057395,11.6,-8.530435,-1.570796,0.29171495943425935,0.01050033109426063,1640.55846880461,56,-11.772093333333332
956,259.6,11.570650862408531,-8.92319488750939,-1.5600791019122926,11.6,-8.669565,-1.570796,0.25532232905758195,0.010716898087707483,2274.7612843312745,56,-10.982006666666669
958,260.0,11.571760549467832,-9.027928555027053,-1.5625569786834372,11.6,-8.808696,-1.570796,0.22104384123980647,0.008239021316562843,1447.8960040486002,56,-10.96874
960,260.4,11.572922673574569,-9.152120953735317,-1.5592417971276988,11.6,-8.947826,-1.570796,0.2060815608638114,0.011554202872301245,2517.5384672264713,56,-11.907020000000001
962,260.8,11.573889849549973,-9.275762922073262,-1.5564161774245617,11.6,-9.086957,-1.570796,0.19060277061590136,0.014379822575438352,1985.6127438636736,56,-12.031899999999998
964,261.2,11.575342919935842,-9.381308197302737,-1.556946184903258,11.6,-9.226087,-1.570796,0.15716740021195694,0.013849815096742102,1382.493519498782,56,-12.348086666666667
966,261.6,11.576308028705128,-9.510041324192013,-1.5553514803374757,11.6,-9.365217,-1.570796,0.14674942719312553,0.015444519662524359,2549.408022353632,56,-11.191706666666667
968,262.0,11.577955495046009,-9.635724811925746,-1.5551121798855345,11.6,-9.504348,-1.570796,0.1332134636980785,0.01568382011446556,2055.9454183079242,56,-11.98976
970,262.4,11.580303253930206,-9.764875422685542,-1.5525482849978043,11.6,-9.643478,-1.570796,0.12298494233210021,0.018247715002195797,1620.6599727490204,56,-12.321000000000003
972,262.8,11.582208461409255,-9.896837309101844,-1.5499329813164546,11.6,-9.782609,-1.570796,0.11560555975251466,0.020863018683545453,2580.978706988382,56,-9.662653333333333
974,263.2,11.584543323712914,-10.012742408718761,-1.5512389671157218,11.6,-9.921739,-1.570796,0.0923067128668201,0.019557032884278236,1943.3865485465146,56,-9.758093333333333
976,263.6,11.587706303225469,-10.147432475783635,-1.5430635906955652,11.6,-10.06087,-1.570796,0.08743109969671307,0.02773240930443488,1416.6270227607622,56,-10.504800000000001
978,264.0,11.59111095406506,-10.273132483758317,-1.5430027021956545,11.6,-10.2,-1.570796,0.07367072225989178,0.027793297804345585,2568.259680605907,56,-10.013093333333334
980,264.4,11.592984546692644,-10.406650031460547,-1.5447114201488137,11.6,-10.33913,-1.570796,0.06788351223633636,0.026084579851186396,2070.3077567370733,56,-10.454580000000002
982,264.8,11.599915436293099,-10.542615438701667,-1.5243054538521141,11.6,-10.478261,-1.570796,0.06435449426129548,0.04649054614788595,1399.5484533434887,56,-11.814413333333334
984,265.2,11.603956796935247,-10.664861149998783,-1.530358928680842,11.6,-10.617391,-1.570796,0.047634770734137154,0.04043707131915819,2455.198358733117,56,-10.333293333333334
986,265.6,11.596617244205762,-10.791017409199114,-1.5831104441619408,11.6,-10.756522,-1.570796,0.034660875531032545,0.012314444161940719,618.5088809153305,56,-14.275666666666666
988,266.0,11.600006048354103,-10.921899955537027,-1.5452931359602993,11.6,-10.895652,-1.570796,0.026247956233892422,0.02550286403970081,898.5479430166627,56,-12.690046666666666
990,266.4,11.56632509522824,-11.034092135108349,-2.2912012043243806,11.577083,-11.025,-2.312744,0.01408543346534675,0.02154279567561934,1671.5245010626875,56,-13.512553333333335
992,266.8,11.470373785873338,-11.12898195098084,-2.3223648739892475,11.485417,-11.125,-2.312744,0.01556130537179988,0.009620873989247603,376.29068248388546,56,-15.00871333333334
994,267.2,11.379909315474478,-11.216265986887834,-2.2856993350716865,11.39375,-11.225,-2.312744,0.016366048184535204,0.027044664928313367,913.8784840516606,56,-15.292906666666662
996,267.6,11.283812059442711,-11.32142733196118,-2.300494768136662,11.302083,-11.325,-2.312744,0.01861696070156354,0.01224923186333804,1778.325381833865,56,-10.680333333333335
998,268.0,11.18797654255143,-11.42210070010927,-2.310133067039408,11.210417,-11.425,-2.312744,0.022626976606640047,0.0026109329605921165,905.502230487814,56,-12.016146666666668
1000,268.4,11.098587471999727,-11.517869554656254,-2.3112673990702506,11.11875,-11.525,-2.312744,0.021386228890619564,0.0014766009297493277,1932.1643508218249,56,-12.075
1002,268.8,10.978159075557041,-11.587199726567691,3.139825874908699,11.015217,-11.6,3.141593,0.03920633576301004,0.0017671250913009473,990.038051713368,56,-15.259313333333335
1004,269.2,10.84099799641897,-11.58703086243492,3.1359512552473086,10.876087,-11.6,3.141593,0.03740904571746621,0.005641744752691302,1912.8636260318772,56,-12.324686666666667
1006,269.6,10.708977284881543,-11.585835773870794,3.1336598606611594,10.736957,-11.6,3.141593,0.031360640298777,0.007933139338840434,1157.227018126143,56,-13.257973333333332
1008,270.0,10.574745595324067,-11.5846386282574,3.132564177712161,10.597826,-11.6,3.141593,0.02772502158374508,0.009028822287838969,1973.1004809570395,56,-10.52194
1010,270.4,10.432270617757972,-11.588347748625322,3.107330720451417,10.458696,-11.6,3.141593,0.028880370301226317,0.034262279548582956,861.9327572158223,56,-13.35169333333333
1012,270.8,10.350313788974747,-11.589428470320405,3.0928752323083364,10.319565,-11.6,3.141593,0.03251530813601521,0.04871776769166348,1089.0715254933252,56,-12.901333333333328
1014,271.2,10.195981041750159,-11.584885154672794,3.100773628745124,10.180435,-11.6,3.141593,0.021682665042910717,0.04081937125487567,1825.2278488598474,56,-11.887006666666666
1016,271.6,10.039699056441405,-11.582311980983548,3.086242903318651,10.041304,-11.6,3.141593,0.01776068299792122,0.05535009668134894,1027.3345897293837,56,-12.077446666666669
1018,272.0,9.902640234608652,-11.576949463455446,3.117010563837501,9.902174,-11.6,3.141593,0.023055251239189098,0.024582436162498666,1300.8510479191164,56,-13.202480000000001
1020,272.4,9.75019662301834,-11.575163516892111,3.1085785762578233,9.763043,-11.6,3.141593,0.02796212250032795,0.03301442374217656,1984.449547461593,56,-11.107946666666665
1022,272.8,9.620640334090908,-11.573115385470057,3.1296952130370803,9.623913,-11.6,3.141593,0.027083072952974234,0.011897786962919545,1160.1426190292525,56,-11.406
1024,273.2,9.493717220667802,-11.572845260612233,3.141351999773415,9.484783,-11.6,3.141593,0.028586713175153603,0.00024100022658490872,1828.5700679407792,56,-10.952640000000002
1026,273.6,9.35390871409587,-11.572274938763163,3.139899492470279,9.345652,-11.6,3.141593,0.028928400374843684,0.0016935075297208613,1297.8882338803917,56,-10.654326666666668
1028,274.0,9.213726926993093,-11.571321230598896,-3.140917214228781,9.206522,-11.6,3.141593,0.02956996427690611,0.0006750929508057231,2281.277794108343,56,-10.99122666666667
1030,274.4,9.075295701373932,-11.570585714174822,-3.1404694828182853,9.067391,-11.6,3.141593,0.030457913822458143,0.001122824361301756,1602.1223692522135,56,-11.187973333333332
1032,274.8,8.935220908499309,-11.569937937360955,-3.1380247096634264,8.928261,-11.6,3.141593,0.030857218546599993,0.0035675975161597825,2261.180999260002,56,-9.826026666666667
1034,275.2,8.796268396005715,-11.570086693500635,-3.140088357031286,8.78913,-11.6,3.141593,0.030753253539412075,0.0015039501483012036,1616.5163164404348,56,-10.308446666666669
1036,275.6,8.531301704080915,-11.39165706165485,-3.119637318555093,8.65,-11.6,3.141593,0.23978337184297266,0.021954988624493656,1957.956783996432,56,-11.623220000000002
1038,276.0,7.904166362158551,-10.065894682546386,-3.0928249977348563,8.51087,-11.6,3.141593,1.649717681668443,0.04876730944473031,632.8218598633223,56,-14.61777333333333
1040,276.4,-1.0167064411469662,11.935074866759594,-3.07192899400123,8.371739,-11.6,3.141593,25.338560669173226,0.06966331317835663,2010.1678898994094,56,-10.419
1042,276.8,-1.1504049152671172,11.927789887519431,-3.0979917604512925,8.232609,-11.6,3.141593,25.329781821511176,0.04360054672829452,1362.2404091869248,56,-11.480886666666668
1044,277.2,-1.2925921321591776,11.924169702805134,-3.1225047844563796,8.093478,-11.6,3.141593,25.327551652936876,0.019087522723207042,2189.5346808686745,56,-10.152146666666667
1046,277.6,-1.4303708524869414,11.923578510162823,-3.131149291732661,7.954348,-11.6,3.141593,25.326501808659202,0.010443015446926185,1472.856094668561,56,-10.260586666666667
1048,278.0,-1.5726216516040987,11.921468456843447,-3.136099038227045,7.815217,-11.6,3.141593,25.325698271021732,0.005493268952541786,2215.859783797817,56,-9.336226666666668
1050,278.4,-1.707948574422236,11.920934090737509,-3.1352177524044125,7.676087,-11.6,3.141593,25.323792452214576,0.006374554775174591,1361.7196427053234,56,-9.986386666666668
1052,278.8,-1.8446844177292319,11.918912642439995,-3.1285191121870413,7.536957,-11.6,3.141593,25.321027774827314,0.013073194992545356,1108.2854015073174,56,-10.95527333333333
1054,279.2,-1.985534159879694,11.917653372144388,-3.131958360960234,7.397826,-11.6,3.141593,25.320495019299123,0.009633946219352896,2441.707847549861,56,-9.049300000000002
1056,279.6,-2.122254005993091,11.916623169711396,-3.1326798186566025,7.258696,-11.6,3.141593,25.318645072774896,0.008912488522984563,1833.4601214959425,56,-9.516673333333335
1058,280.0,-2.257963463210058,11.916146191620921,-3.1347495452722924,7.119565,-11.6,3.141593,25.31693448630781,0.0068427619072937386,1414.421745094393,56,-9.951766666666668
1060,280.4,-2.396316330352135,11.9164160136501,-3.139844274027271,6.980435,-11.6,3.141593,25.316897275106985,0.0017480331523158873,2332.1923383808416,56,-9.461546666666669
1062,280.8,-2.534185371550339,11.91630104064976,-3.1375950726678123,6.841304,-11.6,3.141593,25.31632310566679,0.003997234511773829,1938.0842650780633,56,-9.748373333333333
1064,281.2,-2.6738507312125046,11.915783665277372,-3.136396904281599,6.702174,-11.6,3.141593,25.3160407874619,0.005195402897987723,1554.2868008894943,56,-10.667000000000002
1066,281.6,-2.811719280970327,11.915691548308018,-3.1387502509440632,6.563043,-11.6,3.141593,25.315487686787097,0.002842056235523383,2571.7739649281293,56,-9.435566666666666
1068,282.0,-2.9518784847840043,11.914672718457318,-3.136985683001431,6.423913,-11.6,3.141593,25.31492245736315,0.0046066241781555165,2149.198470186224,56,-9.688473333333334
1070,282.4,-3.0896314704313994,11.91186731887338,-3.118711531415898,6.284783,-11.6,3.141593,25.311806563019946,0.02288077576368888,1341.8337907118544,56,-11.49342
1072,282.8,-3.224482220410649,11.875049440275518,-2.836253449083596,6.15,-11.63125,-2.838708,25.306659800864526,0.0024545509164042296,2598.9422104852492,56,-9.571506666666668
1074,283.2,-3.360186906614247,11.8326796734676,-2.837673561461757,6.016667,-11.672917,-2.838708,25.30688570649731,0.00103443853824281,2204.8143715112446,56,-9.792766666666667
1076,283.6,-3.4967909895287326,11.790743762637625,-2.840343739794698,5.883333,-11.714583,-2.838708,25.307846851861992,0.001635739794697777,1825.9305928297485,56,-9.957766666666668
1078,284.0,-3.635748109248664,11.751271754269519,-2.8602698853745787,5.75,-11.75625,-2.838708,25.311970421081792,0.021561885374578704,1204.5249952545475,56,-11.511793333333335
1080,284.4,-3.775336519530571,11.710095687048614,-2.8523081705399194,5.616667,-11.797917,-2.838708,25.314746504859833,0.013600170539919354,2478.022424456371,56,-9.829080000000001
1082,284.8,-3.8922321483112388,11.6654229511687,-2.813925062491507,5.483333,-11.839583,-2.838708,25.305859531237115,0.02478293750849314,516.2794625251038,56,-13.29926
1084,285.2,-4.013445144422186,11.642310030513832,-2.983724978303619,5.35,-11.8625,-3.017238,25.30118968632003,0.03351302169638082,1764.6362070089278,56,-10.836100000000002
1086,285.6,-4.151654400136078,11.621838653459108,-2.9994209416885926,5.216667,-11.879167,-3.017238,25.299460717180608,0.01781705831140723,1325.5687544644459,56,-10.51486
1088,286.0,-4.28585120258184,11.604249089220977,-3.010764388923534,5.083333,-11.895833,-3.017238,25.298922325309306,0.006473611076466047,2470.2397102464843,56,-9.356300000000001
1090,286.4,-4.415843702846768,11.587633533815602,-3.011163587376078,4.95,-11.9125,-3.017238,25.297733186459986,0.006074412623922054,2064.794377910526,56,-9.474393333333335
1092,286.8,-4.545152867483471,11.57078031894612,-3.010568482265786,4.816667,-11.929167,-3.017238,25.296070746747432,0.006669517734213759,1586.3105857279438,56,-10.515913333333335
1094,287.2,-4.677803573664347,11.555340100495926,-3.0243568142497375,4.683333,-11.945833,-3.017238,25.296956636130552,0.007118814249737593,2353.1155178089466,56,-8.753380000000002
1096,287.6,-4.813226497234028,11.554787420106505,3.1362745557026437,4.545652,-11.95,3.141593,25.2994790142087,0.005318444297356173,1981.0480663036037,56,-8.875706666666668
1098,288.0,-4.9360902216529805,11.556225665679447,3.141009962243371,4.406522,-11.95,3.141593,25.294802789704185,0.0005830377566287125,1616.4649764764522,56,-9.514493333333334
1100,288.4,-5.000106215239583,11.56130216524949,3.137774544273471,4.267391,-11.95,3.141593,25.271878326316365,0.003818455726528836,768.2443799002834,56,-13.397546666666669
1102,288.8,-4.975054231460238,11.560852338655376,-3.0999542048288817,4.128261,-11.95,3.141593,25.211714060995394,0.041638102350704885,796.4706979292208,56,-15.728153333333335
1104,289.2,-5.087330362330175,11.557516611815927,-3.112657806225879,3.98913,-11.95,3.141593,25.198918031609068,0.028934500953707667,2280.143924918185,56,-11.100846666666667
1106,289.6,-5.174047340061111,11.557028041334295,-3.1239066930115453,3.85,-11.95,3.141593,25.179630611503036,0.017685614168041288,1493.5133480354941,56,-11.206700000000001
1108,290.0,-5.297663471320407,11.560155381513109,3.0971869684066617,3.71087,-11.95,3.141593,25.176995082153667,0.04440603159333811,500.54905212428383,56,-14.61574
1110,290.4,-5.436763412990917,11.564470301571717,3.116027278614025,3.571739,-11.95,3.141593,25.181013269691142,0.025565721385974793,2032.7690714776595,56,-10.451786666666667
1112,290.8,-5.582198440618426,11.565948642914044,3.1246469848879226,3.432609,-11.95,3.141593,25.184649963174,0.016946015112077273,1513.8815155429936,56,-10.79472
1114,291.2,-5.5287196594353665,11.5712907322815,3.1404491671656425,3.293478,-11.95,3.141593,25.12135126251489,0.001143832834357372,691.6688012292177,56,-13.476273333333333
1116,291.6,-5.4654872358874,11.581793505665036,-3.132229765734687,3.154348,-11.95,3.141593,25.060863215123,0.009362541444899255,730.1464131338912,56,-12.84066666666667
1118,292.0,-5.611287764711899,11.581746668145655,3.139979732915846,3.015217,-11.95,3.141593,25.063114046530234,0.0016132670841537688,2294.1959090899013,56,-11.166993333333334
1120,292.4,-5.495560372352186,11.595137491817578,-3.0936594838814626,2.876087,-11.95,3.141593,24.98915723340035,0.04793282329812445,100.14439292629005,56,-18.122253333333337
1122,292.8,-5.6240710367620625,11.5906484746241,-3.107003324073554,2.736957,-11.95,3.141593,24.981371468303,0.034588983106032666,1944.3431016467548,56,-11.390466666666667
1124,293.2,-5.642047685649315,11.587627147191057,-3.106912973281492,2.597826,-11.95,3.141593,24.93823189553825,0.03467933389809399,646.8091213853555,56,-14.491026666666667
1126,293.6,-5.733244714732193,11.587105356118133,3.1300837813881897,2.458696,-11.95,3.141593,24.92194256511101,0.011509218611810201,252.46036940511635,56,-14.266686666666669
1128,294.0,-5.827683717302886,11.584591308563688,-3.136287850858424,2.319565,-11.95,3.141593,24.904912160509923,0.005304456321163076,1313.2341718488735,56,-10.975846666666667
1130,294.4,-6.000855211537761,11.595312706360694,3.1092972964756607,2.180435,-11.95,3.141593,24.926196259471958,0.03229570352433919,1382.5921998359731,56,-12.659973333333335
1132,294.8,-5.930373174848272,11.582943672425522,-3.139053495635363,2.041304,-11.95,3.141593,24.846470068594236,0.0025388115442235523,107.13195669643453,56,-16.18727333333333
1134,295.2,-5.861939913319619,11.571219463250067,-3.126336736538003,1.902174,-11.95,3.141593,24.769522197599553,0.015255570641583806,238.83777831818762,56,-15.114006666666668
1136,295.6,-5.981364236796515,11.57195775627843,3.1085520030458174,1.763043,-11.95,3.141593,24.764053386662958,0.0330409969541825,796.1688729656852,56,-13.286933333333334
1138,296.0,-6.023210492754245,11.572947753260049,3.1332752833660384,1.623913,-11.95,3.141593,24.73474416111951,0.008317716633961414,540.1412891490512,56,-13.172539999999998
1140,296.4,-6.095185126741101,11.573305872376647,-3.1349959823277196,1.484783,-11.95,3.141593,24.714405434236134,0.0065963248518665875,743.3485181648128,56,-12.848566666666668
1142,296.8,-6.500687208557411,11.585008103780153,3.14128858157373,1.345652,-11.95,3.141593,24.808499459272877,0.00030441842626993676,201.48111479121397,56,-14.326160000000002
1144,297.2,-7.121773516442657,11.604589311682954,3.127371906646969,1.206522,-11.95,3.141593,24.983578283569543,0.014221093353030678,966.1083071318868,56,-13.97792666666667
1146,297.6,-6.702646837011474,11.12668353715829,-3.103045912566206,1.067391,-11.95,3.141593,24.349677843099737,0.038546394613380636,2096.541276532701,56,-12.451993333333332
1148,298.0,-6.414409405896501,11.564393700304121,-3.1286344074912775,0.928261,-11.95,3.141593,24.634153522752314,0.012957899688309094,5.36759957474346,56,-23.560013333333337
1150,298.4,-6.424591776391391,11.561571274466143,-3.127148736980828,0.78913,-11.95,3.141593,24.59332766547636,0.01444357019875866,1440.695662179846,56,-11.976826666666668
1152,298.8,-6.594175937931544,11.557653592304066,-3.0516783357018884,0.65,-11.95,-3.064821,24.59853374564168,0.013142664298111395,2062.0334303226273,56,-10.19332
1154,299.2,-6.820419088663261,11.543045322901069,-3.0663024141006097,0.513158,-11.960526,-3.064821,24.621113253589165,0.001481414100609868,284.1917744799915,56,-15.61634
1156,299.6,-6.928955289815576,11.534008882514499,-3.0605840204818624,0.376316,-11.971053,-3.064821,24.614120392950053,0.004236979518137396,2193.6131068858854,56,-10.297873333333332
1158,300.0,-6.500072416370964,9.73386617032377,-3.0696971728033073,0.239474,-11.981579,-3.064821,22.737239164941652,0.0048761728033075435,1304.8762662027773,56,-14.706460000000002
1160,300.4,-1.8712059929091553,6.835791786013918,-2.6527746513018275,0.102632,-11.992105,-3.064821,18.931078516741852,0.41204634869817225,20.57511510220945,56,-16.486806666666666
