t,x,y,theta
0.000,11.600000,9.500000,2.356194
0.100,11.575926,9.524074,2.356194
0.200,11.551852,9.548148,2.356194
0.300,11.527778,9.572222,2.356194
0.400,11.503704,9.596296,2.356194
0.500,11.479630,9.620370,2.356194
0.600,11.455556,9.644444,2.356194
0.700,11.431481,9.668519,2.356194
0.800,11.407407,9.692593,2.356194
0.900,11.383333,9.716667,2.356194
1.000,11.359259,9.740741,2.356194
1.100,11.335185,9.764815,2.356194
1.200,11.311111,9.788889,2.356194
1.300,11.287037,9.812963,2.356194
1.400,11.262963,9.837037,2.356194
1.500,11.238889,9.861111,2.356194
1.600,11.214815,9.885185,2.356194
1.700,11.190741,9.909259,2.356194
1.800,11.166667,9.933333,2.356194
1.900,11.142593,9.957407,2.356194
2.000,11.118519,9.981481,2.356194
2.100,11.094444,10.005556,2.356194
2.200,11.070370,10.029630,2.356194
2.300,11.046296,10.053704,2.356194
2.400,11.022222,10.077778,2.356194
2.500,10.998148,10.101852,2.356194
2.600,10.974074,10.125926,2.356194
2.700,10.950000,10.150000,1.961403
2.800,10.937037,10.181481,1.961403
2.900,10.924074,10.212963,1.961403
3.000,10.911111,10.244444,1.961403
3.100,10.898148,10.275926,1.961403
3.200,10.885185,10.307407,1.961403
3.300,10.872222,10.338889,1.961403
3.400,10.859259,10.370370,1.961403
3.500,10.846296,10.401852,1.961403
3.600,10.833333,10.433333,1.961403
3.700,10.820370,10.464815,1.961403
3.800,10.807407,10.496296,1.961403
3.900,10.794444,10.527778,1.961403
4.000,10.781481,10.559259,1.961403
4.100,10.768519,10.590741,1.961403
4.200,10.755556,10.622222,1.961403
4.300,10.742593,10.653704,1.961403
4.400,10.729630,10.685185,1.961403
4.500,10.716667,10.716667,1.961403
4.600,10.703704,10.748148,1.961403
4.700,10.690741,10.779630,1.961403
4.800,10.677778,10.811111,1.961403
4.900,10.664815,10.842593,1.961403
5.000,10.651852,10.874074,1.961403
5.100,10.638889,10.905556,1.961403
5.200,10.625926,10.937037,1.961403
5.300,10.612963,10.968519,1.961403
5.400,10.600000,11.000000,3.086094
5.500,10.565385,11.001923,3.086094
5.600,10.530769,11.003846,3.086094
5.700,10.496154,11.005769,3.086094
5.800,10.461538,11.007692,3.086094
5.900,10.426923,11.009615,3.086094
6.000,10.392308,11.011538,3.086094
6.100,10.357692,11.013462,3.086094
6.200,10.323077,11.015385,3.086094
6.300,10.288462,11.017308,3.086094
6.400,10.253846,11.019231,3.086094
6.500,10.219231,11.021154,3.086094
6.600,10.184615,11.023077,3.086094
6.700,10.150000,11.025000,3.086094
6.800,10.115385,11.026923,3.086094
6.900,10.080769,11.028846,3.086094
7.000,10.046154,11.030769,3.086094
7.100,10.011538,11.032692,3.086094
7.200,9.976923,11.034615,3.086094
7.300,9.942308,11.036538,3.086094
7.400,9.907692,11.038462,3.086094
7.500,9.873077,11.040385,3.086094
7.600,9.838462,11.042308,3.086094
7.700,9.803846,11.044231,3.086094
7.800,9.769231,11.046154,3.086094
7.900,9.734615,11.048077,3.086094
8.000,9.700000,11.050000,3.141593
8.100,9.665385,11.050000,3.141593
8.200,9.630769,11.050000,3.141593
8.300,9.596154,11.050000,3.141593
8.400,9.561538,11.050000,3.141593
8.500,9.526923,11.050000,3.141593
8.600,9.492308,11.050000,3.141593
8.700,9.457692,11.050000,3.141593
8.800,9.423077,11.050000,3.141593
8.900,9.388462,11.050000,3.141593
9.000,9.353846,11.050000,3.141593
9.100,9.319231,11.050000,3.141593
9.200,9.284615,11.050000,3.141593
9.300,9.250000,11.050000,3.141593
9.400,9.215385,11.050000,3.141593
9.500,9.180769,11.050000,3.141593
9.600,9.146154,11.050000,3.141593
9.700,9.111538,11.050000,3.141593
9.800,9.076923,11.050000,3.141593
9.900,9.042308,11.050000,3.141593
10.000,9.007692,11.050000,3.141593
10.100,8.973077,11.050000,3.141593
10.200,8.938462,11.050000,3.141593
10.300,8.903846,11.050000,3.141593
10.400,8.869231,11.050000,3.141593
10.500,8.834615,11.050000,3.141593
10.600,8.800000,11.050000,3.141593
10.700,8.765385,11.050000,3.141593
10.800,8.730769,11.050000,3.141593
10.900,8.696154,11.050000,3.141593
11.000,8.661538,11.050000,3.141593
11.100,8.626923,11.050000,3.141593
11.200,8.592308,11.050000,3.141593
11.300,8.557692,11.050000,3.141593
11.400,8.523077,11.050000,3.141593
11.500,8.488462,11.050000,3.141593
11.600,8.453846,11.050000,3.141593
11.700,8.419231,11.050000,3.141593
11.800,8.384615,11.050000,3.141593
11.900,8.350000,11.050000,3.141593
12.000,8.315385,11.050000,3.141593
12.100,8.280769,11.050000,3.141593
12.200,8.246154,11.050000,3.141593
12.300,8.211538,11.050000,3.141593
12.400,8.176923,11.050000,3.141593
12.500,8.142308,11.050000,3.141593
12.600,8.107692,11.050000,3.141593
12.700,8.073077,11.050000,3.141593
12.800,8.038462,11.050000,3.141593
12.900,8.003846,11.050000,3.141593
13.000,7.969231,11.050000,3.141593
13.100,7.934615,11.050000,3.141593
13.200,7.900000,11.050000,-2.508844
13.300,7.872222,11.029630,-2.508844
13.400,7.844444,11.009259,-2.508844
13.500,7.816667,10.988889,-2.508844
13.600,7.788889,10.968519,-2.508844
13.700,7.761111,10.948148,-2.508844
13.800,7.733333,10.927778,-2.508844
13.900,7.705556,10.907407,-2.508844
14.000,7.677778,10.887037,-2.508844
14.100,7.650000,10.866667,-2.508844
14.200,7.622222,10.846296,-2.508844
14.300,7.594444,10.825926,-2.508844
14.400,7.566667,10.805556,-2.508844
14.500,7.538889,10.785185,-2.508844
14.600,7.511111,10.764815,-2.508844
14.700,7.483333,10.744444,-2.508844
14.800,7.455556,10.724074,-2.508844
14.900,7.427778,10.703704,-2.508844
15.000,7.400000,10.683333,-2.508844
15.100,7.372222,10.662963,-2.508844
15.200,7.344444,10.642593,-2.508844
15.300,7.316667,10.622222,-2.508844
15.400,7.288889,10.601852,-2.508844
15.500,7.261111,10.581481,-2.508844
15.600,7.233333,10.561111,-2.508844
15.700,7.205556,10.540741,-2.508844
15.800,7.177778,10.520370,-2.508844
15.900,7.150000,10.500000,-2.203545
16.000,7.129630,10.472222,-2.203545
16.100,7.109259,10.444444,-2.203545
16.200,7.088889,10.416667,-2.203545
16.300,7.068519,10.388889,-2.203545
16.400,7.048148,10.361111,-2.203545
16.500,7.027778,10.333333,-2.203545
16.600,7.007407,10.305556,-2.203545
16.700,6.987037,10.277778,-2.203545
16.800,6.966667,10.250000,-2.203545
16.900,6.946296,10.222222,-2.203545
17.000,6.925926,10.194444,-2.203545
17.100,6.905556,10.166667,-2.203545
17.200,6.885185,10.138889,-2.203545
17.300,6.864815,10.111111,-2.203545
17.400,6.844444,10.083333,-2.203545
17.500,6.824074,10.055556,-2.203545
17.600,6.803704,10.027778,-2.203545
17.700,6.783333,10.000000,-2.203545
17.800,6.762963,9.972222,-2.203545
17.900,6.742593,9.944444,-2.203545
18.000,6.722222,9.916667,-2.203545
18.100,6.701852,9.888889,-2.203545
18.200,6.681481,9.861111,-2.203545
18.300,6.661111,9.833333,-2.203545
18.400,6.640741,9.805556,-2.203545
18.500,6.620370,9.777778,-2.203545
18.600,6.600000,9.750000,-1.789465
18.700,6.592593,9.716667,-1.789465
18.800,6.585185,9.683333,-1.789465
18.900,6.577778,9.650000,-1.789465
19.000,6.570370,9.616667,-1.789465
19.100,6.562963,9.583333,-1.789465
19.200,6.555556,9.550000,-1.789465
19.300,6.548148,9.516667,-1.789465
19.400,6.540741,9.483333,-1.789465
19.500,6.533333,9.450000,-1.789465
19.600,6.525926,9.416667,-1.789465
19.700,6.518519,9.383333,-1.789465
19.800,6.511111,9.350000,-1.789465
19.900,6.503704,9.316667,-1.789465
20.000,6.496296,9.283333,-1.789465
20.100,6.488889,9.250000,-1.789465
20.200,6.481481,9.216667,-1.789465
20.300,6.474074,9.183333,-1.789465
20.400,6.466667,9.150000,-1.789465
20.500,6.459259,9.116667,-1.789465
20.600,6.451852,9.083333,-1.789465
20.700,6.444444,9.050000,-1.789465
20.800,6.437037,9.016667,-1.789465
20.900,6.429630,8.983333,-1.789465
21.000,6.422222,8.950000,-1.789465
21.100,6.414815,8.916667,-1.789465
21.200,6.407407,8.883333,-1.789465
21.300,6.400000,8.850000,-1.570796
21.400,6.400000,8.815385,-1.570796
21.500,6.400000,8.780769,-1.570796
21.600,6.400000,8.746154,-1.570796
21.700,6.400000,8.711538,-1.570796
21.800,6.400000,8.676923,-1.570796
21.900,6.400000,8.642308,-1.570796
22.000,6.400000,8.607692,-1.570796
22.100,6.400000,8.573077,-1.570796
22.200,6.400000,8.538462,-1.570796
22.300,6.400000,8.503846,-1.570796
22.400,6.400000,8.469231,-1.570796
22.500,6.400000,8.434615,-1.570796
22.600,6.400000,8.400000,-1.570796
22.700,6.400000,8.365385,-1.570796
22.800,6.400000,8.330769,-1.570796
22.900,6.400000,8.296154,-1.570796
23.000,6.400000,8.261538,-1.570796
23.100,6.400000,8.226923,-1.570796
23.200,6.400000,8.192308,-1.570796
23.300,6.400000,8.157692,-1.570796
23.400,6.400000,8.123077,-1.570796
23.500,6.400000,8.088462,-1.570796
23.600,6.400000,8.053846,-1.570796
23.700,6.400000,8.019231,-1.570796
23.800,6.400000,7.984615,-1.570796
23.900,6.400000,7.950000,-1.570796
24.000,6.400000,7.915385,-1.570796
24.100,6.400000,7.880769,-1.570796
24.200,6.400000,7.846154,-1.570796
24.300,6.400000,7.811538,-1.570796
24.400,6.400000,7.776923,-1.570796
24.500,6.400000,7.742308,-1.570796
24.600,6.400000,7.707692,-1.570796
24.700,6.400000,7.673077,-1.570796
24.800,6.400000,7.638462,-1.570796
24.900,6.400000,7.603846,-1.570796
25.000,6.400000,7.569231,-1.570796
25.100,6.400000,7.534615,-1.570796
25.200,6.400000,7.500000,-1.570796
25.300,6.400000,7.465385,-1.570796
25.400,6.400000,7.430769,-1.570796
25.500,6.400000,7.396154,-1.570796
25.600,6.400000,7.361538,-1.570796
25.700,6.400000,7.326923,-1.570796
25.800,6.400000,7.292308,-1.570796
25.900,6.400000,7.257692,-1.570796
26.000,6.400000,7.223077,-1.570796
26.100,6.400000,7.188462,-1.570796
26.200,6.400000,7.153846,-1.570796
26.300,6.400000,7.119231,-1.570796
26.400,6.400000,7.084615,-1.570796
26.500,6.400000,7.050000,-1.570796
26.600,6.400000,7.015385,-1.570796
26.700,6.400000,6.980769,-1.570796
26.800,6.400000,6.946154,-1.570796
26.900,6.400000,6.911538,-1.570796
27.000,6.400000,6.876923,-1.570796
27.100,6.400000,6.842308,-1.570796
27.200,6.400000,6.807692,-1.570796
27.300,6.400000,6.773077,-1.570796
27.400,6.400000,6.738462,-1.570796
27.500,6.400000,6.703846,-1.570796
27.600,6.400000,6.669231,-1.570796
27.700,6.400000,6.634615,-1.570796
27.800,6.400000,6.600000,-1.570796
27.900,6.400000,6.565385,-1.570796
28.000,6.400000,6.530769,-1.570796
28.100,6.400000,6.496154,-1.570796
28.200,6.400000,6.461538,-1.570796
28.300,6.400000,6.426923,-1.570796
28.400,6.400000,6.392308,-1.570796
28.500,6.400000,6.357692,-1.570796
28.600,6.400000,6.323077,-1.570796
28.700,6.400000,6.288462,-1.570796
28.800,6.400000,6.253846,-1.570796
28.900,6.400000,6.219231,-1.570796
29.000,6.400000,6.184615,-1.570796
29.100,6.400000,6.150000,-1.570796
29.200,6.400000,6.115385,-1.570796
29.300,6.400000,6.080769,-1.570796
29.400,6.400000,6.046154,-1.570796
29.500,6.400000,6.011538,-1.570796
29.600,6.400000,5.976923,-1.570796
29.700,6.400000,5.942308,-1.570796
29.800,6.400000,5.907692,-1.570796
29.900,6.400000,5.873077,-1.570796
30.000,6.400000,5.838462,-1.570796
30.100,6.400000,5.803846,-1.570796
30.200,6.400000,5.769231,-1.570796
30.300,6.400000,5.734615,-1.570796
30.400,6.400000,5.700000,-1.570796
30.500,6.400000,5.665385,-1.570796
30.600,6.400000,5.630769,-1.570796
30.700,6.400000,5.596154,-1.570796
30.800,6.400000,5.561538,-1.570796
30.900,6.400000,5.526923,-1.570796
31.000,6.400000,5.492308,-1.570796
31.100,6.400000,5.457692,-1.570796
31.200,6.400000,5.423077,-1.570796
31.300,6.400000,5.388462,-1.570796
31.400,6.400000,5.353846,-1.570796
31.500,6.400000,5.319231,-1.570796
31.600,6.400000,5.284615,-1.570796
31.700,6.400000,5.250000,-1.570796
31.800,6.400000,5.215385,-1.570796
31.900,6.400000,5.180769,-1.570796
32.000,6.400000,5.146154,-1.570796
32.100,6.400000,5.111538,-1.570796
32.200,6.400000,5.076923,-1.570796
32.300,6.400000,5.042308,-1.570796
32.400,6.400000,5.007692,-1.570796
32.500,6.400000,4.973077,-1.570796
32.600,6.400000,4.938462,-1.570796
32.700,6.400000,4.903846,-1.570796
32.800,6.400000,4.869231,-1.570796
32.900,6.400000,4.834615,-1.570796
33.000,6.400000,4.800000,-1.570796
33.100,6.400000,4.765385,-1.570796
33.200,6.400000,4.730769,-1.570796
33.300,6.400000,4.696154,-1.570796
33.400,6.400000,4.661538,-1.570796
33.500,6.400000,4.626923,-1.570796
33.600,6.400000,4.592308,-1.570796
33.700,6.400000,4.557692,-1.570796
33.800,6.400000,4.523077,-1.570796
33.900,6.400000,4.488462,-1.570796
34.000,6.400000,4.453846,-1.570796
34.100,6.400000,4.419231,-1.570796
34.200,6.400000,4.384615,-1.570796
34.300,6.400000,4.350000,-1.570796
34.400,6.400000,4.315385,-1.570796
34.500,6.400000,4.280769,-1.570796
34.600,6.400000,4.246154,-1.570796
34.700,6.400000,4.211538,-1.570796
34.800,6.400000,4.176923,-1.570796
34.900,6.400000,4.142308,-1.570796
35.000,6.400000,4.107692,-1.570796
35.100,6.400000,4.073077,-1.570796
35.200,6.400000,4.038462,-1.570796
35.300,6.400000,4.003846,-1.570796
35.400,6.400000,3.969231,-1.570796
35.500,6.400000,3.934615,-1.570796
35.600,6.400000,3.900000,-1.570796
35.700,6.400000,3.865385,-1.570796
35.800,6.400000,3.830769,-1.570796
35.900,6.400000,3.796154,-1.570796
36.000,6.400000,3.761538,-1.570796
36.100,6.400000,3.726923,-1.570796
36.200,6.400000,3.692308,-1.570796
36.300,6.400000,3.657692,-1.570796
36.400,6.400000,3.623077,-1.570796
36.500,6.400000,3.588462,-1.570796
36.600,6.400000,3.553846,-1.570796
36.700,6.400000,3.519231,-1.570796
36.800,6.400000,3.484615,-1.570796
36.900,6.400000,3.450000,1.626295
37.000,6.398077,3.484615,1.626295
37.100,6.396154,3.519231,1.626295
37.200,6.394231,3.553846,1.626295
37.300,6.392308,3.588462,1.626295
37.400,6.390385,3.623077,1.626295
37.500,6.388462,3.657692,1.626295
37.600,6.386538,3.692308,1.626295
37.700,6.384615,3.726923,1.626295
37.800,6.382692,3.761538,1.626295
37.900,6.380769,3.796154,1.626295
38.000,6.378846,3.830769,1.626295
38.100,6.376923,3.865385,1.626295
38.200,6.375000,3.900000,1.626295
38.300,6.373077,3.934615,1.626295
38.400,6.371154,3.969231,1.626295
38.500,6.369231,4.003846,1.626295
38.600,6.367308,4.038462,1.626295
38.700,6.365385,4.073077,1.626295
38.800,6.363462,4.107692,1.626295
38.900,6.361538,4.142308,1.626295
39.000,6.359615,4.176923,1.626295
39.100,6.357692,4.211538,1.626295
39.200,6.355769,4.246154,1.626295
39.300,6.353846,4.280769,1.626295
39.400,6.351923,4.315385,1.626295
39.500,6.350000,4.350000,1.841743
39.600,6.340741,4.383333,1.841743
39.700,6.331481,4.416667,1.841743
39.800,6.322222,4.450000,1.841743
39.900,6.312963,4.483333,1.841743
40.000,6.303704,4.516667,1.841743
40.100,6.294444,4.550000,1.841743
40.200,6.285185,4.583333,1.841743
40.300,6.275926,4.616667,1.841743
40.400,6.266667,4.650000,1.841743
40.500,6.257407,4.683333,1.841743
40.600,6.248148,4.716667,1.841743
40.700,6.238889,4.750000,1.841743
40.800,6.229630,4.783333,1.841743
40.900,6.220370,4.816667,1.841743
41.000,6.211111,4.850000,1.841743
41.100,6.201852,4.883333,1.841743
41.200,6.192593,4.916667,1.841743
41.300,6.183333,4.950000,1.841743
41.400,6.174074,4.983333,1.841743
41.500,6.164815,5.016667,1.841743
41.600,6.155556,5.050000,1.841743
41.700,6.146296,5.083333,1.841743
41.800,6.137037,5.116667,1.841743
41.900,6.127778,5.150000,1.841743
42.000,6.118519,5.183333,1.841743
42.100,6.109259,5.216667,1.841743
42.200,6.100000,5.250000,2.279423
42.300,6.077778,5.275926,2.279423
42.400,6.055556,5.301852,2.279423
42.500,6.033333,5.327778,2.279423
42.600,6.011111,5.353704,2.279423
42.700,5.988889,5.379630,2.279423
42.800,5.966667,5.405556,2.279423
42.900,5.944444,5.431481,2.279423
43.000,5.922222,5.457407,2.279423
43.100,5.900000,5.483333,2.279423
43.200,5.877778,5.509259,2.279423
43.300,5.855556,5.535185,2.279423
43.400,5.833333,5.561111,2.279423
43.500,5.811111,5.587037,2.279423
43.600,5.788889,5.612963,2.279423
43.700,5.766667,5.638889,2.279423
43.800,5.744444,5.664815,2.279423
43.900,5.722222,5.690741,2.279423
44.000,5.700000,5.716667,2.279423
44.100,5.677778,5.742593,2.279423
44.200,5.655556,5.768519,2.279423
44.300,5.633333,5.794444,2.279423
44.400,5.611111,5.820370,2.279423
44.500,5.588889,5.846296,2.279423
44.600,5.566667,5.872222,2.279423
44.700,5.544444,5.898148,2.279423
44.800,5.522222,5.924074,2.279423
44.900,5.500000,5.950000,1.570796
45.000,5.500000,5.984615,1.570796
45.100,5.500000,6.019231,1.570796
45.200,5.500000,6.053846,1.570796
45.300,5.500000,6.088462,1.570796
45.400,5.500000,6.123077,1.570796
45.500,5.500000,6.157692,1.570796
45.600,5.500000,6.192308,1.570796
45.700,5.500000,6.226923,1.570796
45.800,5.500000,6.261538,1.570796
45.900,5.500000,6.296154,1.570796
46.000,5.500000,6.330769,1.570796
46.100,5.500000,6.365385,1.570796
46.200,5.500000,6.400000,1.570796
46.300,5.500000,6.434615,1.570796
46.400,5.500000,6.469231,1.570796
46.500,5.500000,6.503846,1.570796
46.600,5.500000,6.538462,1.570796
46.700,5.500000,6.573077,1.570796
46.800,5.500000,6.607692,1.570796
46.900,5.500000,6.642308,1.570796
47.000,5.500000,6.676923,1.570796
47.100,5.500000,6.711538,1.570796
47.200,5.500000,6.746154,1.570796
47.300,5.500000,6.780769,1.570796
47.400,5.500000,6.815385,1.570796
47.500,5.500000,6.850000,1.570796
47.600,5.500000,6.884615,1.570796
47.700,5.500000,6.919231,1.570796
47.800,5.500000,6.953846,1.570796
47.900,5.500000,6.988462,1.570796
48.000,5.500000,7.023077,1.570796
48.100,5.500000,7.057692,1.570796
48.200,5.500000,7.092308,1.570796
48.300,5.500000,7.126923,1.570796
48.400,5.500000,7.161538,1.570796
48.500,5.500000,7.196154,1.570796
48.600,5.500000,7.230769,1.570796
48.700,5.500000,7.265385,1.570796
48.800,5.500000,7.300000,1.570796
48.900,5.500000,7.334615,1.570796
49.000,5.500000,7.369231,1.570796
49.100,5.500000,7.403846,1.570796
49.200,5.500000,7.438462,1.570796
49.300,5.500000,7.473077,1.570796
49.400,5.500000,7.507692,1.570796
49.500,5.500000,7.542308,1.570796
49.600,5.500000,7.576923,1.570796
49.700,5.500000,7.611538,1.570796
49.800,5.500000,7.646154,1.570796
49.900,5.500000,7.680769,1.570796
50.000,5.500000,7.715385,1.570796
50.100,5.500000,7.750000,1.570796
50.200,5.500000,7.784615,1.570796
50.300,5.500000,7.819231,1.570796
50.400,5.500000,7.853846,1.570796
50.500,5.500000,7.888462,1.570796
50.600,5.500000,7.923077,1.570796
50.700,5.500000,7.957692,1.570796
50.800,5.500000,7.992308,1.570796
50.900,5.500000,8.026923,1.570796
51.000,5.500000,8.061538,1.570796
51.100,5.500000,8.096154,1.570796
51.200,5.500000,8.130769,1.570796
51.300,5.500000,8.165385,1.570796
51.400,5.500000,8.200000,1.570796
51.500,5.500000,8.234615,1.570796
51.600,5.500000,8.269231,1.570796
51.700,5.500000,8.303846,1.570796
51.800,5.500000,8.338462,1.570796
51.900,5.500000,8.373077,1.570796
52.000,5.500000,8.407692,1.570796
52.100,5.500000,8.442308,1.570796
52.200,5.500000,8.476923,1.570796
52.300,5.500000,8.511538,1.570796
52.400,5.500000,8.546154,1.570796
52.500,5.500000,8.580769,1.570796
52.600,5.500000,8.615385,1.570796
52.700,5.500000,8.650000,1.570796
52.800,5.500000,8.684615,1.570796
52.900,5.500000,8.719231,1.570796
53.000,5.500000,8.753846,1.570796
53.100,5.500000,8.788462,1.570796
53.200,5.500000,8.823077,1.570796
53.300,5.500000,8.857692,1.570796
53.400,5.500000,8.892308,1.570796
53.500,5.500000,8.926923,1.570796
53.600,5.500000,8.961538,1.570796
53.700,5.500000,8.996154,1.570796
53.800,5.500000,9.030769,1.570796
53.900,5.500000,9.065385,1.570796
54.000,5.500000,9.100000,1.570796
54.100,5.500000,9.134615,1.570796
54.200,5.500000,9.169231,1.570796
54.300,5.500000,9.203846,1.570796
54.400,5.500000,9.238462,1.570796
54.500,5.500000,9.273077,1.570796
54.600,5.500000,9.307692,1.570796
54.700,5.500000,9.342308,1.570796
54.800,5.500000,9.376923,1.570796
54.900,5.500000,9.411538,1.570796
55.000,5.500000,9.446154,1.570796
55.100,5.500000,9.480769,1.570796
55.200,5.500000,9.515385,1.570796
55.300,5.500000,9.550000,1.570796
55.400,5.500000,9.584615,1.570796
55.500,5.500000,9.619231,1.570796
55.600,5.500000,9.653846,1.570796
55.700,5.500000,9.688462,1.570796
55.800,5.500000,9.723077,1.570796
55.900,5.500000,9.757692,1.570796
56.000,5.500000,9.792308,1.570796
56.100,5.500000,9.826923,1.570796
56.200,5.500000,9.861538,1.570796
56.300,5.500000,9.896154,1.570796
56.400,5.500000,9.930769,1.570796
56.500,5.500000,9.965385,1.570796
56.600,5.500000,10.000000,1.570796
56.700,5.500000,10.034615,1.570796
56.800,5.500000,10.069231,1.570796
56.900,5.500000,10.103846,1.570796
57.000,5.500000,10.138462,1.570796
57.100,5.500000,10.173077,1.570796
57.200,5.500000,10.207692,1.570796
57.300,5.500000,10.242308,1.570796
57.400,5.500000,10.276923,1.570796
57.500,5.500000,10.311538,1.570796
57.600,5.500000,10.346154,1.570796
57.700,5.500000,10.380769,1.570796
57.800,5.500000,10.415385,1.570796
57.900,5.500000,10.450000,2.432966
58.000,5.474074,10.472222,2.432966
58.100,5.448148,10.494444,2.432966
58.200,5.422222,10.516667,2.432966
58.300,5.396296,10.538889,2.432966
58.400,5.370370,10.561111,2.432966
58.500,5.344444,10.583333,2.432966
58.600,5.318519,10.605556,2.432966
58.700,5.292593,10.627778,2.432966
58.800,5.266667,10.650000,2.432966
58.900,5.240741,10.672222,2.432966
59.000,5.214815,10.694444,2.432966
59.100,5.188889,10.716667,2.432966
59.200,5.162963,10.738889,2.432966
59.300,5.137037,10.761111,2.432966
59.400,5.111111,10.783333,2.432966
59.500,5.085185,10.805556,2.432966
59.600,5.059259,10.827778,2.432966
59.700,5.033333,10.850000,2.432966
59.800,5.007407,10.872222,2.432966
59.900,4.981481,10.894444,2.432966
60.000,4.955556,10.916667,2.432966
60.100,4.929630,10.938889,2.432966
60.200,4.903704,10.961111,2.432966
60.300,4.877778,10.983333,2.432966
60.400,4.851852,11.005556,2.432966
60.500,4.825926,11.027778,2.432966
60.600,4.800000,11.050000,3.141593
60.700,4.765385,11.050000,3.141593
60.800,4.730769,11.050000,3.141593
60.900,4.696154,11.050000,3.141593
61.000,4.661538,11.050000,3.141593
61.100,4.626923,11.050000,3.141593
61.200,4.592308,11.050000,3.141593
61.300,4.557692,11.050000,3.141593
61.400,4.523077,11.050000,3.141593
61.500,4.488462,11.050000,3.141593
61.600,4.453846,11.050000,3.141593
61.700,4.419231,11.050000,3.141593
61.800,4.384615,11.050000,3.141593
61.900,4.350000,11.050000,3.141593
62.000,4.315385,11.050000,3.141593
62.100,4.280769,11.050000,3.141593
62.200,4.246154,11.050000,3.141593
62.300,4.211538,11.050000,3.141593
62.400,4.176923,11.050000,3.141593
62.500,4.142308,11.050000,3.141593
62.600,4.107692,11.050000,3.141593
62.700,4.073077,11.050000,3.141593
62.800,4.038462,11.050000,3.141593
62.900,4.003846,11.050000,3.141593
63.000,3.969231,11.050000,3.141593
63.100,3.934615,11.050000,3.141593
63.200,3.900000,11.050000,3.141593
63.300,3.865385,11.050000,3.141593
63.400,3.830769,11.050000,3.141593
63.500,3.796154,11.050000,3.141593
63.600,3.761538,11.050000,3.141593
63.700,3.726923,11.050000,3.141593
63.800,3.692308,11.050000,3.141593
63.900,3.657692,11.050000,3.141593
64.000,3.623077,11.050000,3.141593
64.100,3.588462,11.050000,3.141593
64.200,3.553846,11.050000,3.141593
64.300,3.519231,11.050000,3.141593
64.400,3.484615,11.050000,3.141593
64.500,3.450000,11.050000,3.141593
64.600,3.415385,11.050000,3.141593
64.700,3.380769,11.050000,3.141593
64.800,3.346154,11.050000,3.141593
64.900,3.311538,11.050000,3.141593
65.000,3.276923,11.050000,3.141593
65.100,3.242308,11.050000,3.141593
65.200,3.207692,11.050000,3.141593
65.300,3.173077,11.050000,3.141593
65.400,3.138462,11.050000,3.141593
65.500,3.103846,11.050000,3.141593
65.600,3.069231,11.050000,3.141593
65.700,3.034615,11.050000,3.141593
65.800,3.000000,11.050000,3.141593
65.900,2.965385,11.050000,3.141593
66.000,2.930769,11.050000,3.141593
66.100,2.896154,11.050000,3.141593
66.200,2.861538,11.050000,3.141593
66.300,2.826923,11.050000,3.141593
66.400,2.792308,11.050000,3.141593
66.500,2.757692,11.050000,3.141593
66.600,2.723077,11.050000,3.141593
66.700,2.688462,11.050000,3.141593
66.800,2.653846,11.050000,3.141593
66.900,2.619231,11.050000,3.141593
67.000,2.584615,11.050000,3.141593
67.100,2.550000,11.050000,3.141593
67.200,2.515385,11.050000,3.141593
67.300,2.480769,11.050000,3.141593
67.400,2.446154,11.050000,3.141593
67.500,2.411538,11.050000,3.141593
67.600,2.376923,11.050000,3.141593
67.700,2.342308,11.050000,3.141593
67.800,2.307692,11.050000,3.141593
67.900,2.273077,11.050000,3.141593
68.000,2.238462,11.050000,3.141593
68.100,2.203846,11.050000,3.141593
68.200,2.169231,11.050000,3.141593
68.300,2.134615,11.050000,3.141593
68.400,2.100000,11.050000,3.030935
68.500,2.065385,11.053846,3.030935
68.600,2.030769,11.057692,3.030935
68.700,1.996154,11.061538,3.030935
68.800,1.961538,11.065385,3.030935
68.900,1.926923,11.069231,3.030935
69.000,1.892308,11.073077,3.030935
69.100,1.857692,11.076923,3.030935
69.200,1.823077,11.080769,3.030935
69.300,1.788462,11.084615,3.030935
69.400,1.753846,11.088462,3.030935
69.500,1.719231,11.092308,3.030935
69.600,1.684615,11.096154,3.030935
69.700,1.650000,11.100000,3.030935
69.800,1.615385,11.103846,3.030935
69.900,1.580769,11.107692,3.030935
70.000,1.546154,11.111538,3.030935
70.100,1.511538,11.115385,3.030935
70.200,1.476923,11.119231,3.030935
70.300,1.442308,11.123077,3.030935
70.400,1.407692,11.126923,3.030935
70.500,1.373077,11.130769,3.030935
70.600,1.338462,11.134615,3.030935
70.700,1.303846,11.138462,3.030935
70.800,1.269231,11.142308,3.030935
70.900,1.234615,11.146154,3.030935
71.000,1.200000,11.150000,2.701750
71.100,1.168519,11.164815,2.701750
71.200,1.137037,11.179630,2.701750
71.300,1.105556,11.194444,2.701750
71.400,1.074074,11.209259,2.701750
71.500,1.042593,11.224074,2.701750
71.600,1.011111,11.238889,2.701750
71.700,0.979630,11.253704,2.701750
71.800,0.948148,11.268519,2.701750
71.900,0.916667,11.283333,2.701750
72.000,0.885185,11.298148,2.701750
72.100,0.853704,11.312963,2.701750
72.200,0.822222,11.327778,2.701750
72.300,0.790741,11.342593,2.701750
72.400,0.759259,11.357407,2.701750
72.500,0.727778,11.372222,2.701750
72.600,0.696296,11.387037,2.701750
72.700,0.664815,11.401852,2.701750
72.800,0.633333,11.416667,2.701750
72.900,0.601852,11.431481,2.701750
73.000,0.570370,11.446296,2.701750
73.100,0.538889,11.461111,2.701750
73.200,0.507407,11.475926,2.701750
73.300,0.475926,11.490741,2.701750
73.400,0.444444,11.505556,2.701750
73.500,0.412963,11.520370,2.701750
73.600,0.381481,11.535185,2.701750
73.700,0.350000,11.550000,2.976444
73.800,0.316667,11.555556,2.976444
73.900,0.283333,11.561111,2.976444
74.000,0.250000,11.566667,2.976444
74.100,0.216667,11.572222,2.976444
74.200,0.183333,11.577778,2.976444
74.300,0.150000,11.583333,2.976444
74.400,0.116667,11.588889,2.976444
74.500,0.083333,11.594444,2.976444
74.600,0.050000,11.600000,2.976444
74.700,0.016667,11.605556,2.976444
74.800,-0.016667,11.611111,2.976444
74.900,-0.050000,11.616667,2.976444
75.000,-0.083333,11.622222,2.976444
75.100,-0.116667,11.627778,2.976444
75.200,-0.150000,11.633333,2.976444
75.300,-0.183333,11.638889,2.976444
75.400,-0.216667,11.644444,2.976444
75.500,-0.250000,11.650000,2.976444
75.600,-0.283333,11.655556,2.976444
75.700,-0.316667,11.661111,2.976444
75.800,-0.350000,11.666667,2.976444
75.900,-0.383333,11.672222,2.976444
76.000,-0.416667,11.677778,2.976444
76.100,-0.450000,11.683333,2.976444
76.200,-0.483333,11.688889,2.976444
76.300,-0.516667,11.694444,2.976444
76.400,-0.550000,11.700000,3.141593
76.500,-0.584615,11.700000,3.141593
76.600,-0.619231,11.700000,3.141593
76.700,-0.653846,11.700000,3.141593
76.800,-0.688462,11.700000,3.141593
76.900,-0.723077,11.700000,3.141593
77.000,-0.757692,11.700000,3.141593
77.100,-0.792308,11.700000,3.141593
77.200,-0.826923,11.700000,3.141593
77.300,-0.861538,11.700000,3.141593
77.400,-0.896154,11.700000,3.141593
77.500,-0.930769,11.700000,3.141593
77.600,-0.965385,11.700000,3.141593
77.700,-1.000000,11.700000,3.141593
77.800,-1.034615,11.700000,3.141593
77.900,-1.069231,11.700000,3.141593
78.000,-1.103846,11.700000,3.141593
78.100,-1.138462,11.700000,3.141593
78.200,-1.173077,11.700000,3.141593
78.300,-1.207692,11.700000,3.141593
78.400,-1.242308,11.700000,3.141593
78.500,-1.276923,11.700000,3.141593
78.600,-1.311538,11.700000,3.141593
78.700,-1.346154,11.700000,3.141593
78.800,-1.380769,11.700000,3.141593
78.900,-1.415385,11.700000,3.141593
79.000,-1.450000,11.700000,3.141593
79.100,-1.484615,11.700000,3.141593
79.200,-1.519231,11.700000,3.141593
79.300,-1.553846,11.700000,3.141593
79.400,-1.588462,11.700000,3.141593
79.500,-1.623077,11.700000,3.141593
79.600,-1.657692,11.700000,3.141593
79.700,-1.692308,11.700000,3.141593
79.800,-1.726923,11.700000,3.141593
79.900,-1.761538,11.700000,3.141593
80.000,-1.796154,11.700000,3.141593
80.100,-1.830769,11.700000,3.141593
80.200,-1.865385,11.700000,3.141593
80.300,-1.900000,11.700000,3.141593
80.400,-1.934615,11.700000,3.141593
80.500,-1.969231,11.700000,3.141593
80.600,-2.003846,11.700000,3.141593
80.700,-2.038462,11.700000,3.141593
80.800,-2.073077,11.700000,3.141593
80.900,-2.107692,11.700000,3.141593
81.000,-2.142308,11.700000,3.141593
81.100,-2.176923,11.700000,3.141593
81.200,-2.211538,11.700000,3.141593
81.300,-2.246154,11.700000,3.141593
81.400,-2.280769,11.700000,3.141593
81.500,-2.315385,11.700000,3.141593
81.600,-2.350000,11.700000,3.141593
81.700,-2.384615,11.700000,3.141593
81.800,-2.419231,11.700000,3.141593
81.900,-2.453846,11.700000,3.141593
82.000,-2.488462,11.700000,3.141593
82.100,-2.523077,11.700000,3.141593
82.200,-2.557692,11.700000,3.141593
82.300,-2.592308,11.700000,3.141593
82.400,-2.626923,11.700000,3.141593
82.500,-2.661538,11.700000,3.141593
82.600,-2.696154,11.700000,3.141593
82.700,-2.730769,11.700000,3.141593
82.800,-2.765385,11.700000,3.141593
82.900,-2.800000,11.700000,3.141593
83.000,-2.834615,11.700000,3.141593
83.100,-2.869231,11.700000,3.141593
83.200,-2.903846,11.700000,3.141593
83.300,-2.938462,11.700000,3.141593
83.400,-2.973077,11.700000,3.141593
83.500,-3.007692,11.700000,3.141593
83.600,-3.042308,11.700000,3.141593
83.700,-3.076923,11.700000,3.141593
83.800,-3.111538,11.700000,3.141593
83.900,-3.146154,11.700000,3.141593
84.000,-3.180769,11.700000,3.141593
84.100,-3.215385,11.700000,3.141593
84.200,-3.250000,11.700000,3.141593
84.300,-3.284615,11.700000,3.141593
84.400,-3.319231,11.700000,3.141593
84.500,-3.353846,11.700000,3.141593
84.600,-3.388462,11.700000,3.141593
84.700,-3.423077,11.700000,3.141593
84.800,-3.457692,11.700000,3.141593
84.900,-3.492308,11.700000,3.141593
85.000,-3.526923,11.700000,3.141593
85.100,-3.561538,11.700000,3.141593
85.200,-3.596154,11.700000,3.141593
85.300,-3.630769,11.700000,3.141593
85.400,-3.665385,11.700000,3.141593
85.500,-3.700000,11.700000,3.141593
85.600,-3.734615,11.700000,3.141593
85.700,-3.769231,11.700000,3.141593
85.800,-3.803846,11.700000,3.141593
85.900,-3.838462,11.700000,3.141593
86.000,-3.873077,11.700000,3.141593
86.100,-3.907692,11.700000,3.141593
86.200,-3.942308,11.700000,3.141593
86.300,-3.976923,11.700000,3.141593
86.400,-4.011538,11.700000,3.141593
86.500,-4.046154,11.700000,3.141593
86.600,-4.080769,11.700000,3.141593
86.700,-4.115385,11.700000,3.141593
86.800,-4.150000,11.700000,3.141593
86.900,-4.184615,11.700000,3.141593
87.000,-4.219231,11.700000,3.141593
87.100,-4.253846,11.700000,3.141593
87.200,-4.288462,11.700000,3.141593
87.300,-4.323077,11.700000,3.141593
87.400,-4.357692,11.700000,3.141593
87.500,-4.392308,11.700000,3.141593
87.600,-4.426923,11.700000,3.141593
87.700,-4.461538,11.700000,3.141593
87.800,-4.496154,11.700000,3.141593
87.900,-4.530769,11.700000,3.141593
88.000,-4.565385,11.700000,3.141593
88.100,-4.600000,11.700000,3.141593
88.200,-4.634615,11.700000,3.141593
88.300,-4.669231,11.700000,3.141593
88.400,-4.703846,11.700000,3.141593
88.500,-4.738462,11.700000,3.141593
88.600,-4.773077,11.700000,3.141593
88.700,-4.807692,11.700000,3.141593
88.800,-4.842308,11.700000,3.141593
88.900,-4.876923,11.700000,3.141593
89.000,-4.911538,11.700000,3.141593
89.100,-4.946154,11.700000,3.141593
89.200,-4.980769,11.700000,3.141593
89.300,-5.015385,11.700000,3.141593
89.400,-5.050000,11.700000,3.141593
89.500,-5.084615,11.700000,3.141593
89.600,-5.119231,11.700000,3.141593
89.700,-5.153846,11.700000,3.141593
89.800,-5.188462,11.700000,3.141593
89.900,-5.223077,11.700000,3.141593
90.000,-5.257692,11.700000,3.141593
90.100,-5.292308,11.700000,3.141593
90.200,-5.326923,11.700000,3.141593
90.300,-5.361538,11.700000,3.141593
90.400,-5.396154,11.700000,3.141593
90.500,-5.430769,11.700000,3.141593
90.600,-5.465385,11.700000,3.141593
90.700,-5.500000,11.700000,3.141593
90.800,-5.534615,11.700000,3.141593
90.900,-5.569231,11.700000,3.141593
91.000,-5.603846,11.700000,3.141593
91.100,-5.638462,11.700000,3.141593
91.200,-5.673077,11.700000,3.141593
91.300,-5.707692,11.700000,3.141593
91.400,-5.742308,11.700000,3.141593
91.500,-5.776923,11.700000,3.141593
91.600,-5.811538,11.700000,3.141593
91.700,-5.846154,11.700000,3.141593
91.800,-5.880769,11.700000,3.141593
91.900,-5.915385,11.700000,3.141593
92.000,-5.950000,11.700000,3.141593
92.100,-5.984615,11.700000,3.141593
92.200,-6.019231,11.700000,3.141593
92.300,-6.053846,11.700000,3.141593
92.400,-6.088462,11.700000,3.141593
92.500,-6.123077,11.700000,3.141593
92.600,-6.157692,11.700000,3.141593
92.700,-6.192308,11.700000,3.141593
92.800,-6.226923,11.700000,3.141593
92.900,-6.261538,11.700000,3.141593
93.000,-6.296154,11.700000,3.141593
93.100,-6.330769,11.700000,3.141593
93.200,-6.365385,11.700000,3.141593
93.300,-6.400000,11.700000,3.141593
93.400,-6.434615,11.700000,3.141593
93.500,-6.469231,11.700000,3.141593
93.600,-6.503846,11.700000,3.141593
93.700,-6.538462,11.700000,3.141593
93.800,-6.573077,11.700000,3.141593
93.900,-6.607692,11.700000,3.141593
94.000,-6.642308,11.700000,3.141593
94.100,-6.676923,11.700000,3.141593
94.200,-6.711538,11.700000,3.141593
94.300,-6.746154,11.700000,3.141593
94.400,-6.780769,11.700000,3.141593
94.500,-6.815385,11.700000,3.141593
94.600,-6.850000,11.700000,3.141593
94.700,-6.884615,11.700000,3.141593
94.800,-6.919231,11.700000,3.141593
94.900,-6.953846,11.700000,3.141593
95.000,-6.988462,11.700000,3.141593
95.100,-7.023077,11.700000,3.141593
95.200,-7.057692,11.700000,3.141593
95.300,-7.092308,11.700000,3.141593
95.400,-7.126923,11.700000,3.141593
95.500,-7.161538,11.700000,3.141593
95.600,-7.196154,11.700000,3.141593
95.700,-7.230769,11.700000,3.141593
95.800,-7.265385,11.700000,3.141593
95.900,-7.300000,11.700000,3.141593
96.000,-7.334615,11.700000,3.141593
96.100,-7.369231,11.700000,3.141593
96.200,-7.403846,11.700000,3.141593
96.300,-7.438462,11.700000,3.141593
96.400,-7.473077,11.700000,3.141593
96.500,-7.507692,11.700000,3.141593
96.600,-7.542308,11.700000,3.141593
96.700,-7.576923,11.700000,3.141593
96.800,-7.611538,11.700000,3.141593
96.900,-7.646154,11.700000,3.141593
97.000,-7.680769,11.700000,3.141593
97.100,-7.715385,11.700000,3.141593
97.200,-7.750000,11.700000,3.141593
97.300,-7.784615,11.700000,3.141593
97.400,-7.819231,11.700000,3.141593
97.500,-7.853846,11.700000,3.141593
97.600,-7.888462,11.700000,3.141593
97.700,-7.923077,11.700000,3.141593
97.800,-7.957692,11.700000,3.141593
97.900,-7.992308,11.700000,3.141593
98.000,-8.026923,11.700000,3.141593
98.100,-8.061538,11.700000,3.141593
98.200,-8.096154,11.700000,3.141593
98.300,-8.130769,11.700000,3.141593
98.400,-8.165385,11.700000,3.141593
98.500,-8.200000,11.700000,3.141593
98.600,-8.234615,11.700000,3.141593
98.700,-8.269231,11.700000,3.141593
98.800,-8.303846,11.700000,3.141593
98.900,-8.338462,11.700000,3.141593
99.000,-8.373077,11.700000,3.141593
99.100,-8.407692,11.700000,3.141593
99.200,-8.442308,11.700000,3.141593
99.300,-8.476923,11.700000,3.141593
99.400,-8.511538,11.700000,3.141593
99.500,-8.546154,11.700000,3.141593
99.600,-8.580769,11.700000,3.141593
99.700,-8.615385,11.700000,3.141593
99.800,-8.650000,11.700000,3.141593
99.900,-8.684615,11.700000,3.141593
100.000,-8.719231,11.700000,3.141593
100.100,-8.753846,11.700000,3.141593
100.200,-8.788462,11.700000,3.141593
100.300,-8.823077,11.700000,3.141593
100.400,-8.857692,11.700000,3.141593
100.500,-8.892308,11.700000,3.141593
100.600,-8.926923,11.700000,3.141593
100.700,-8.961538,11.700000,3.141593
100.800,-8.996154,11.700000,3.141593
100.900,-9.030769,11.700000,3.141593
101.000,-9.065385,11.700000,3.141593
101.100,-9.100000,11.700000,3.141593
101.200,-9.134615,11.700000,3.141593
101.300,-9.169231,11.700000,3.141593
101.400,-9.203846,11.700000,3.141593
101.500,-9.238462,11.700000,3.141593
101.600,-9.273077,11.700000,3.141593
101.700,-9.307692,11.700000,3.141593
101.800,-9.342308,11.700000,3.141593
101.900,-9.376923,11.700000,3.141593
102.000,-9.411538,11.700000,3.141593
102.100,-9.446154,11.700000,3.141593
102.200,-9.480769,11.700000,3.141593
102.300,-9.515385,11.700000,3.141593
102.400,-9.550000,11.700000,3.141593
102.500,-9.584615,11.700000,3.141593
102.600,-9.619231,11.700000,3.141593
102.700,-9.653846,11.700000,3.141593
102.800,-9.688462,11.700000,3.141593
102.900,-9.723077,11.700000,3.141593
103.000,-9.757692,11.700000,3.141593
103.100,-9.792308,11.700000,3.141593
103.200,-9.826923,11.700000,3.141593
103.300,-9.861538,11.700000,3.141593
103.400,-9.896154,11.700000,3.141593
103.500,-9.930769,11.700000,3.141593
103.600,-9.965385,11.700000,3.141593
103.700,-10.000000,11.700000,3.141593
103.800,-10.034615,11.700000,3.141593
103.900,-10.069231,11.700000,3.141593
104.000,-10.103846,11.700000,3.141593
104.100,-10.138462,11.700000,3.141593
104.200,-10.173077,11.700000,3.141593
104.300,-10.207692,11.700000,3.141593
104.400,-10.242308,11.700000,3.141593
104.500,-10.276923,11.700000,3.141593
104.600,-10.311538,11.700000,3.141593
104.700,-10.346154,11.700000,3.141593
104.800,-10.380769,11.700000,3.141593
104.900,-10.415385,11.700000,3.141593
105.000,-10.450000,11.700000,3.141593
105.100,-10.484615,11.700000,3.141593
105.200,-10.519231,11.700000,3.141593
105.300,-10.553846,11.700000,3.141593
105.400,-10.588462,11.700000,3.141593
105.500,-10.623077,11.700000,3.141593
105.600,-10.657692,11.700000,3.141593
105.700,-10.692308,11.700000,3.141593
105.800,-10.726923,11.700000,3.141593
105.900,-10.761538,11.700000,3.141593
106.000,-10.796154,11.700000,3.141593
106.100,-10.830769,11.700000,3.141593
106.200,-10.865385,11.700000,3.141593
106.300,-10.900000,11.700000,3.141593
106.400,-10.934615,11.700000,3.141593
106.500,-10.969231,11.700000,3.141593
106.600,-11.003846,11.700000,3.141593
106.700,-11.038462,11.700000,3.141593
106.800,-11.073077,11.700000,3.141593
106.900,-11.107692,11.700000,3.141593
107.000,-11.142308,11.700000,3.141593
107.100,-11.176923,11.700000,3.141593
107.200,-11.211538,11.700000,3.141593
107.300,-11.246154,11.700000,3.141593
107.400,-11.280769,11.700000,3.141593
107.500,-11.315385,11.700000,3.141593
107.600,-11.350000,11.700000,-1.961403
107.700,-11.362963,11.668519,-1.961403
107.800,-11.375926,11.637037,-1.961403
107.900,-11.388889,11.605556,-1.961403
108.000,-11.401852,11.574074,-1.961403
108.100,-11.414815,11.542593,-1.961403
108.200,-11.427778,11.511111,-1.961403
108.300,-11.440741,11.479630,-1.961403
108.400,-11.453704,11.448148,-1.961403
108.500,-11.466667,11.416667,-1.961403
108.600,-11.479630,11.385185,-1.961403
108.700,-11.492593,11.353704,-1.961403
108.800,-11.505556,11.322222,-1.961403
108.900,-11.518519,11.290741,-1.961403
109.000,-11.531481,11.259259,-1.961403
109.100,-11.544444,11.227778,-1.961403
109.200,-11.557407,11.196296,-1.961403
109.300,-11.570370,11.164815,-1.961403
109.400,-11.583333,11.133333,-1.961403
109.500,-11.596296,11.101852,-1.961403
109.600,-11.609259,11.070370,-1.961403
109.700,-11.622222,11.038889,-1.961403
109.800,-11.635185,11.007407,-1.961403
109.900,-11.648148,10.975926,-1.961403
110.000,-11.661111,10.944444,-1.961403
110.100,-11.674074,10.912963,-1.961403
110.200,-11.687037,10.881481,-1.961403
110.300,-11.700000,10.850000,-1.570796
110.400,-11.700000,10.815385,-1.570796
110.500,-11.700000,10.780769,-1.570796
110.600,-11.700000,10.746154,-1.570796
110.700,-11.700000,10.711538,-1.570796
110.800,-11.700000,10.676923,-1.570796
110.900,-11.700000,10.642308,-1.570796
111.000,-11.700000,10.607692,-1.570796
111.100,-11.700000,10.573077,-1.570796
111.200,-11.700000,10.538462,-1.570796
111.300,-11.700000,10.503846,-1.570796
111.400,-11.700000,10.469231,-1.570796
111.500,-11.700000,10.434615,-1.570796
111.600,-11.700000,10.400000,-1.570796
111.700,-11.700000,10.365385,-1.570796
111.800,-11.700000,10.330769,-1.570796
111.900,-11.700000,10.296154,-1.570796
112.000,-11.700000,10.261538,-1.570796
112.100,-11.700000,10.226923,-1.570796
112.200,-11.700000,10.192308,-1.570796
112.300,-11.700000,10.157692,-1.570796
112.400,-11.700000,10.123077,-1.570796
112.500,-11.700000,10.088462,-1.570796
112.600,-11.700000,10.053846,-1.570796
112.700,-11.700000,10.019231,-1.570796
112.800,-11.700000,9.984615,-1.570796
112.900,-11.700000,9.950000,-1.570796
113.000,-11.700000,9.915385,-1.570796
113.100,-11.700000,9.880769,-1.570796
113.200,-11.700000,9.846154,-1.570796
113.300,-11.700000,9.811538,-1.570796
113.400,-11.700000,9.776923,-1.570796
113.500,-11.700000,9.742308,-1.570796
113.600,-11.700000,9.707692,-1.570796
113.700,-11.700000,9.673077,-1.570796
113.800,-11.700000,9.638462,-1.570796
113.900,-11.700000,9.603846,-1.570796
114.000,-11.700000,9.569231,-1.570796
114.100,-11.700000,9.534615,-1.570796
114.200,-11.700000,9.500000,-1.570796
114.300,-11.700000,9.465385,-1.570796
114.400,-11.700000,9.430769,-1.570796
114.500,-11.700000,9.396154,-1.570796
114.600,-11.700000,9.361538,-1.570796
114.700,-11.700000,9.326923,-1.570796
114.800,-11.700000,9.292308,-1.570796
114.900,-11.700000,9.257692,-1.570796
115.000,-11.700000,9.223077,-1.570796
115.100,-11.700000,9.188462,-1.570796
115.200,-11.700000,9.153846,-1.570796
115.300,-11.700000,9.119231,-1.570796
115.400,-11.700000,9.084615,-1.570796
115.500,-11.700000,9.050000,-1.570796
115.600,-11.700000,9.015385,-1.570796
115.700,-11.700000,8.980769,-1.570796
115.800,-11.700000,8.946154,-1.570796
115.900,-11.700000,8.911538,-1.570796
116.000,-11.700000,8.876923,-1.570796
116.100,-11.700000,8.842308,-1.570796
116.200,-11.700000,8.807692,-1.570796
116.300,-11.700000,8.773077,-1.570796
116.400,-11.700000,8.738462,-1.570796
116.500,-11.700000,8.703846,-1.570796
116.600,-11.700000,8.669231,-1.570796
116.700,-11.700000,8.634615,-1.570796
116.800,-11.700000,8.600000,-1.570796
116.900,-11.700000,8.565385,-1.570796
117.000,-11.700000,8.530769,-1.570796
117.100,-11.700000,8.496154,-1.570796
117.200,-11.700000,8.461538,-1.570796
117.300,-11.700000,8.426923,-1.570796
117.400,-11.700000,8.392308,-1.570796
117.500,-11.700000,8.357692,-1.570796
117.600,-11.700000,8.323077,-1.570796
117.700,-11.700000,8.288462,-1.570796
117.800,-11.700000,8.253846,-1.570796
117.900,-11.700000,8.219231,-1.570796
118.000,-11.700000,8.184615,-1.570796
118.100,-11.700000,8.150000,-1.570796
118.200,-11.700000,8.115385,-1.570796
118.300,-11.700000,8.080769,-1.570796
118.400,-11.700000,8.046154,-1.570796
118.500,-11.700000,8.011538,-1.570796
118.600,-11.700000,7.976923,-1.570796
118.700,-11.700000,7.942308,-1.570796
118.800,-11.700000,7.907692,-1.570796
118.900,-11.700000,7.873077,-1.570796
119.000,-11.700000,7.838462,-1.570796
119.100,-11.700000,7.803846,-1.570796
119.200,-11.700000,7.769231,-1.570796
119.300,-11.700000,7.734615,-1.570796
119.400,-11.700000,7.700000,-1.570796
119.500,-11.700000,7.665385,-1.570796
119.600,-11.700000,7.630769,-1.570796
119.700,-11.700000,7.596154,-1.570796
119.800,-11.700000,7.561538,-1.570796
119.900,-11.700000,7.526923,-1.570796
120.000,-11.700000,7.492308,-1.570796
120.100,-11.700000,7.457692,-1.570796
120.200,-11.700000,7.423077,-1.570796
120.300,-11.700000,7.388462,-1.570796
120.400,-11.700000,7.353846,-1.570796
120.500,-11.700000,7.319231,-1.570796
120.600,-11.700000,7.284615,-1.570796
120.700,-11.700000,7.250000,-1.570796
120.800,-11.700000,7.215385,-1.570796
120.900,-11.700000,7.180769,-1.570796
121.000,-11.700000,7.146154,-1.570796
121.100,-11.700000,7.111538,-1.570796
121.200,-11.700000,7.076923,-1.570796
121.300,-11.700000,7.042308,-1.570796
121.400,-11.700000,7.007692,-1.570796
121.500,-11.700000,6.973077,-1.570796
121.600,-11.700000,6.938462,-1.570796
121.700,-11.700000,6.903846,-1.570796
121.800,-11.700000,6.869231,-1.570796
121.900,-11.700000,6.834615,-1.570796
122.000,-11.700000,6.800000,-1.570796
122.100,-11.700000,6.765385,-1.570796
122.200,-11.700000,6.730769,-1.570796
122.300,-11.700000,6.696154,-1.570796
122.400,-11.700000,6.661538,-1.570796
122.500,-11.700000,6.626923,-1.570796
122.600,-11.700000,6.592308,-1.570796
122.700,-11.700000,6.557692,-1.570796
122.800,-11.700000,6.523077,-1.570796
122.900,-11.700000,6.488462,-1.570796
123.000,-11.700000,6.453846,-1.570796
123.100,-11.700000,6.419231,-1.570796
123.200,-11.700000,6.384615,-1.570796
123.300,-11.700000,6.350000,-1.570796
123.400,-11.700000,6.315385,-1.570796
123.500,-11.700000,6.280769,-1.570796
123.600,-11.700000,6.246154,-1.570796
123.700,-11.700000,6.211538,-1.570796
123.800,-11.700000,6.176923,-1.570796
123.900,-11.700000,6.142308,-1.570796
124.000,-11.700000,6.107692,-1.570796
124.100,-11.700000,6.073077,-1.570796
124.200,-11.700000,6.038462,-1.570796
124.300,-11.700000,6.003846,-1.570796
124.400,-11.700000,5.969231,-1.570796
124.500,-11.700000,5.934615,-1.570796
124.600,-11.700000,5.900000,-1.570796
124.700,-11.700000,5.865385,-1.570796
124.800,-11.700000,5.830769,-1.570796
124.900,-11.700000,5.796154,-1.570796
125.000,-11.700000,5.761538,-1.570796
125.100,-11.700000,5.726923,-1.570796
125.200,-11.700000,5.692308,-1.570796
125.300,-11.700000,5.657692,-1.570796
125.400,-11.700000,5.623077,-1.570796
125.500,-11.700000,5.588462,-1.570796
125.600,-11.700000,5.553846,-1.570796
125.700,-11.700000,5.519231,-1.570796
125.800,-11.700000,5.484615,-1.570796
125.900,-11.700000,5.450000,-1.570796
126.000,-11.700000,5.415385,-1.570796
126.100,-11.700000,5.380769,-1.570796
126.200,-11.700000,5.346154,-1.570796
126.300,-11.700000,5.311538,-1.570796
126.400,-11.700000,5.276923,-1.570796
126.500,-11.700000,5.242308,-1.570796
126.600,-11.700000,5.207692,-1.570796
126.700,-11.700000,5.173077,-1.570796
126.800,-11.700000,5.138462,-1.570796
126.900,-11.700000,5.103846,-1.570796
127.000,-11.700000,5.069231,-1.570796
127.100,-11.700000,5.034615,-1.570796
127.200,-11.700000,5.000000,-1.570796
127.300,-11.700000,4.965385,-1.570796
127.400,-11.700000,4.930769,-1.570796
127.500,-11.700000,4.896154,-1.570796
127.600,-11.700000,4.861538,-1.570796
127.700,-11.700000,4.826923,-1.570796
127.800,-11.700000,4.792308,-1.570796
127.900,-11.700000,4.757692,-1.570796
128.000,-11.700000,4.723077,-1.570796
128.100,-11.700000,4.688462,-1.570796
128.200,-11.700000,4.653846,-1.570796
128.300,-11.700000,4.619231,-1.570796
128.400,-11.700000,4.584615,-1.570796
128.500,-11.700000,4.550000,-1.570796
128.600,-11.700000,4.515385,-1.570796
128.700,-11.700000,4.480769,-1.570796
128.800,-11.700000,4.446154,-1.570796
128.900,-11.700000,4.411538,-1.570796
129.000,-11.700000,4.376923,-1.570796
129.100,-11.700000,4.342308,-1.570796
129.200,-11.700000,4.307692,-1.570796
129.300,-11.700000,4.273077,-1.570796
129.400,-11.700000,4.238462,-1.570796
129.500,-11.700000,4.203846,-1.570796
129.600,-11.700000,4.169231,-1.570796
129.700,-11.700000,4.134615,-1.570796
129.800,-11.700000,4.100000,-1.570796
129.900,-11.700000,4.065385,-1.570796
130.000,-11.700000,4.030769,-1.570796
130.100,-11.700000,3.996154,-1.570796
130.200,-11.700000,3.961538,-1.570796
130.300,-11.700000,3.926923,-1.570796
130.400,-11.700000,3.892308,-1.570796
130.500,-11.700000,3.857692,-1.570796
130.600,-11.700000,3.823077,-1.570796
130.700,-11.700000,3.788462,-1.570796
130.800,-11.700000,3.753846,-1.570796
130.900,-11.700000,3.719231,-1.570796
131.000,-11.700000,3.684615,-1.570796
131.100,-11.700000,3.650000,-1.570796
131.200,-11.700000,3.615385,-1.570796
131.300,-11.700000,3.580769,-1.570796
131.400,-11.700000,3.546154,-1.570796
131.500,-11.700000,3.511538,-1.570796
131.600,-11.700000,3.476923,-1.570796
131.700,-11.700000,3.442308,-1.570796
131.800,-11.700000,3.407692,-1.570796
131.900,-11.700000,3.373077,-1.570796
132.000,-11.700000,3.338462,-1.570796
132.100,-11.700000,3.303846,-1.570796
132.200,-11.700000,3.269231,-1.570796
132.300,-11.700000,3.234615,-1.570796
132.400,-11.700000,3.200000,-1.570796
132.500,-11.700000,3.165385,-1.570796
132.600,-11.700000,3.130769,-1.570796
132.700,-11.700000,3.096154,-1.570796
132.800,-11.700000,3.061538,-1.570796
132.900,-11.700000,3.026923,-1.570796
133.000,-11.700000,2.992308,-1.570796
133.100,-11.700000,2.957692,-1.570796
133.200,-11.700000,2.923077,-1.570796
133.300,-11.700000,2.888462,-1.570796
133.400,-11.700000,2.853846,-1.570796
133.500,-11.700000,2.819231,-1.570796
133.600,-11.700000,2.784615,-1.570796
133.700,-11.700000,2.750000,-1.570796
133.800,-11.700000,2.715385,-1.570796
133.900,-11.700000,2.680769,-1.570796
134.000,-11.700000,2.646154,-1.570796
134.100,-11.700000,2.611538,-1.570796
134.200,-11.700000,2.576923,-1.570796
134.300,-11.700000,2.542308,-1.570796
134.400,-11.700000,2.507692,-1.570796
134.500,-11.700000,2.473077,-1.570796
134.600,-11.700000,2.438462,-1.570796
134.700,-11.700000,2.403846,-1.570796
134.800,-11.700000,2.369231,-1.570796
134.900,-11.700000,2.334615,-1.570796
135.000,-11.700000,2.300000,-1.570796
135.100,-11.700000,2.265385,-1.570796
135.200,-11.700000,2.230769,-1.570796
135.300,-11.700000,2.196154,-1.570796
135.400,-11.700000,2.161538,-1.570796
135.500,-11.700000,2.126923,-1.570796
135.600,-11.700000,2.092308,-1.570796
135.700,-11.700000,2.057692,-1.570796
135.800,-11.700000,2.023077,-1.570796
135.900,-11.700000,1.988462,-1.570796
136.000,-11.700000,1.953846,-1.570796
136.100,-11.700000,1.919231,-1.570796
136.200,-11.700000,1.884615,-1.570796
136.300,-11.700000,1.850000,-1.570796
136.400,-11.700000,1.815385,-1.570796
136.500,-11.700000,1.780769,-1.570796
136.600,-11.700000,1.746154,-1.570796
136.700,-11.700000,1.711538,-1.570796
136.800,-11.700000,1.676923,-1.570796
136.900,-11.700000,1.642308,-1.570796
137.000,-11.700000,1.607692,-1.570796
137.100,-11.700000,1.573077,-1.570796
137.200,-11.700000,1.538462,-1.570796
137.300,-11.700000,1.503846,-1.570796
137.400,-11.700000,1.469231,-1.570796
137.500,-11.700000,1.434615,-1.570796
137.600,-11.700000,1.400000,-1.570796
137.700,-11.700000,1.365385,-1.570796
137.800,-11.700000,1.330769,-1.570796
137.900,-11.700000,1.296154,-1.570796
138.000,-11.700000,1.261538,-1.570796
138.100,-11.700000,1.226923,-1.570796
138.200,-11.700000,1.192308,-1.570796
138.300,-11.700000,1.157692,-1.570796
138.400,-11.700000,1.123077,-1.570796
138.500,-11.700000,1.088462,-1.570796
138.600,-11.700000,1.053846,-1.570796
138.700,-11.700000,1.019231,-1.570796
138.800,-11.700000,0.984615,-1.570796
138.900,-11.700000,0.950000,-1.570796
139.000,-11.700000,0.915385,-1.570796
139.100,-11.700000,0.880769,-1.570796
139.200,-11.700000,0.846154,-1.570796
139.300,-11.700000,0.811538,-1.570796
139.400,-11.700000,0.776923,-1.570796
139.500,-11.700000,0.742308,-1.570796
139.600,-11.700000,0.707692,-1.570796
139.700,-11.700000,0.673077,-1.570796
139.800,-11.700000,0.638462,-1.570796
139.900,-11.700000,0.603846,-1.570796
140.000,-11.700000,0.569231,-1.570796
140.100,-11.700000,0.534615,-1.570796
140.200,-11.700000,0.500000,-1.570796
140.300,-11.700000,0.465385,-1.570796
140.400,-11.700000,0.430769,-1.570796
140.500,-11.700000,0.396154,-1.570796
140.600,-11.700000,0.361538,-1.570796
140.700,-11.700000,0.326923,-1.570796
140.800,-11.700000,0.292308,-1.570796
140.900,-11.700000,0.257692,-1.570796
141.000,-11.700000,0.223077,-1.570796
141.100,-11.700000,0.188462,-1.570796
141.200,-11.700000,0.153846,-1.570796
141.300,-11.700000,0.119231,-1.570796
141.400,-11.700000,0.084615,-1.570796
141.500,-11.700000,0.050000,-1.570796
141.600,-11.700000,0.015385,-1.570796
141.700,-11.700000,-0.019231,-1.570796
141.800,-11.700000,-0.053846,-1.570796
141.900,-11.700000,-0.088462,-1.570796
142.000,-11.700000,-0.123077,-1.570796
142.100,-11.700000,-0.157692,-1.570796
142.200,-11.700000,-0.192308,-1.570796
142.300,-11.700000,-0.226923,-1.570796
142.400,-11.700000,-0.261538,-1.570796
142.500,-11.700000,-0.296154,-1.570796
142.600,-11.700000,-0.330769,-1.570796
142.700,-11.700000,-0.365385,-1.570796
142.800,-11.700000,-0.400000,-1.570796
142.900,-11.700000,-0.434615,-1.570796
143.000,-11.700000,-0.469231,-1.570796
143.100,-11.700000,-0.503846,-1.570796
143.200,-11.700000,-0.538462,-1.570796
143.300,-11.700000,-0.573077,-1.570796
143.400,-11.700000,-0.607692,-1.570796
143.500,-11.700000,-0.642308,-1.570796
143.600,-11.700000,-0.676923,-1.570796
143.700,-11.700000,-0.711538,-1.570796
143.800,-11.700000,-0.746154,-1.570796
143.900,-11.700000,-0.780769,-1.570796
144.000,-11.700000,-0.815385,-1.570796
144.100,-11.700000,-0.850000,-1.570796
144.200,-11.700000,-0.884615,-1.570796
144.300,-11.700000,-0.919231,-1.570796
144.400,-11.700000,-0.953846,-1.570796
144.500,-11.700000,-0.988462,-1.570796
144.600,-11.700000,-1.023077,-1.570796
144.700,-11.700000,-1.057692,-1.570796
144.800,-11.700000,-1.092308,-1.570796
144.900,-11.700000,-1.126923,-1.570796
145.000,-11.700000,-1.161538,-1.570796
145.100,-11.700000,-1.196154,-1.570796
145.200,-11.700000,-1.230769,-1.570796
145.300,-11.700000,-1.265385,-1.570796
145.400,-11.700000,-1.300000,-1.570796
145.500,-11.700000,-1.334615,-1.570796
145.600,-11.700000,-1.369231,-1.570796
145.700,-11.700000,-1.403846,-1.570796
145.800,-11.700000,-1.438462,-1.570796
145.900,-11.700000,-1.473077,-1.570796
146.000,-11.700000,-1.507692,-1.570796
146.100,-11.700000,-1.542308,-1.570796
146.200,-11.700000,-1.576923,-1.570796
146.300,-11.700000,-1.611538,-1.570796
146.400,-11.700000,-1.646154,-1.570796
146.500,-11.700000,-1.680769,-1.570796
146.600,-11.700000,-1.715385,-1.570796
146.700,-11.700000,-1.750000,-1.570796
146.800,-11.700000,-1.784615,-1.570796
146.900,-11.700000,-1.819231,-1.570796
147.000,-11.700000,-1.853846,-1.570796
147.100,-11.700000,-1.888462,-1.570796
147.200,-11.700000,-1.923077,-1.570796
147.300,-11.700000,-1.957692,-1.570796
147.400,-11.700000,-1.992308,-1.570796
147.500,-11.700000,-2.026923,-1.570796
147.600,-11.700000,-2.061538,-1.570796
147.700,-11.700000,-2.096154,-1.570796
147.800,-11.700000,-2.130769,-1.570796
147.900,-11.700000,-2.165385,-1.570796
148.000,-11.700000,-2.200000,-1.570796
148.100,-11.700000,-2.234615,-1.570796
148.200,-11.700000,-2.269231,-1.570796
148.300,-11.700000,-2.303846,-1.570796
148.400,-11.700000,-2.338462,-1.570796
148.500,-11.700000,-2.373077,-1.570796
148.600,-11.700000,-2.407692,-1.570796
148.700,-11.700000,-2.442308,-1.570796
148.800,-11.700000,-2.476923,-1.570796
148.900,-11.700000,-2.511538,-1.570796
149.000,-11.700000,-2.546154,-1.570796
149.100,-11.700000,-2.580769,-1.570796
149.200,-11.700000,-2.615385,-1.570796
149.300,-11.700000,-2.650000,-1.570796
149.400,-11.700000,-2.684615,-1.570796
149.500,-11.700000,-2.719231,-1.570796
149.600,-11.700000,-2.753846,-1.570796
149.700,-11.700000,-2.788462,-1.570796
149.800,-11.700000,-2.823077,-1.570796
149.900,-11.700000,-2.857692,-1.570796
150.000,-11.700000,-2.892308,-1.570796
150.100,-11.700000,-2.926923,-1.570796
150.200,-11.700000,-2.961538,-1.570796
150.300,-11.700000,-2.996154,-1.570796
150.400,-11.700000,-3.030769,-1.570796
150.500,-11.700000,-3.065385,-1.570796
150.600,-11.700000,-3.100000,-1.570796
150.700,-11.700000,-3.134615,-1.570796
150.800,-11.700000,-3.169231,-1.570796
150.900,-11.700000,-3.203846,-1.570796
151.000,-11.700000,-3.238462,-1.570796
151.100,-11.700000,-3.273077,-1.570796
151.200,-11.700000,-3.307692,-1.570796
151.300,-11.700000,-3.342308,-1.570796
151.400,-11.700000,-3.376923,-1.570796
151.500,-11.700000,-3.411538,-1.570796
151.600,-11.700000,-3.446154,-1.570796
151.700,-11.700000,-3.480769,-1.570796
151.800,-11.700000,-3.515385,-1.570796
151.900,-11.700000,-3.550000,-1.570796
152.000,-11.700000,-3.584615,-1.570796
152.100,-11.700000,-3.619231,-1.570796
152.200,-11.700000,-3.653846,-1.570796
152.300,-11.700000,-3.688462,-1.570796
152.400,-11.700000,-3.723077,-1.570796
152.500,-11.700000,-3.757692,-1.570796
152.600,-11.700000,-3.792308,-1.570796
152.700,-11.700000,-3.826923,-1.570796
152.800,-11.700000,-3.861538,-1.570796
152.900,-11.700000,-3.896154,-1.570796
153.000,-11.700000,-3.930769,-1.570796
153.100,-11.700000,-3.965385,-1.570796
153.200,-11.700000,-4.000000,-1.570796
153.300,-11.700000,-4.034615,-1.570796
153.400,-11.700000,-4.069231,-1.570796
153.500,-11.700000,-4.103846,-1.570796
153.600,-11.700000,-4.138462,-1.570796
153.700,-11.700000,-4.173077,-1.570796
153.800,-11.700000,-4.207692,-1.570796
153.900,-11.700000,-4.242308,-1.570796
154.000,-11.700000,-4.276923,-1.570796
154.100,-11.700000,-4.311538,-1.570796
154.200,-11.700000,-4.346154,-1.570796
154.300,-11.700000,-4.380769,-1.570796
154.400,-11.700000,-4.415385,-1.570796
154.500,-11.700000,-4.450000,-1.570796
154.600,-11.700000,-4.484615,-1.570796
154.700,-11.700000,-4.519231,-1.570796
154.800,-11.700000,-4.553846,-1.570796
154.900,-11.700000,-4.588462,-1.570796
155.000,-11.700000,-4.623077,-1.570796
155.100,-11.700000,-4.657692,-1.570796
155.200,-11.700000,-4.692308,-1.570796
155.300,-11.700000,-4.726923,-1.570796
155.400,-11.700000,-4.761538,-1.570796
155.500,-11.700000,-4.796154,-1.570796
155.600,-11.700000,-4.830769,-1.570796
155.700,-11.700000,-4.865385,-1.570796
155.800,-11.700000,-4.900000,-1.570796
155.900,-11.700000,-4.934615,-1.570796
156.000,-11.700000,-4.969231,-1.570796
156.100,-11.700000,-5.003846,-1.570796
156.200,-11.700000,-5.038462,-1.570796
156.300,-11.700000,-5.073077,-1.570796
156.400,-11.700000,-5.107692,-1.570796
156.500,-11.700000,-5.142308,-1.570796
156.600,-11.700000,-5.176923,-1.570796
156.700,-11.700000,-5.211538,-1.570796
156.800,-11.700000,-5.246154,-1.570796
156.900,-11.700000,-5.280769,-1.570796
157.000,-11.700000,-5.315385,-1.570796
157.100,-11.700000,-5.350000,-1.570796
157.200,-11.700000,-5.384615,-1.570796
157.300,-11.700000,-5.419231,-1.570796
157.400,-11.700000,-5.453846,-1.570796
157.500,-11.700000,-5.488462,-1.570796
157.600,-11.700000,-5.523077,-1.570796
157.700,-11.700000,-5.557692,-1.570796
157.800,-11.700000,-5.592308,-1.570796
157.900,-11.700000,-5.626923,-1.570796
158.000,-11.700000,-5.661538,-1.570796
158.100,-11.700000,-5.696154,-1.570796
158.200,-11.700000,-5.730769,-1.570796
158.300,-11.700000,-5.765385,-1.570796
158.400,-11.700000,-5.800000,-1.570796
158.500,-11.700000,-5.834615,-1.570796
158.600,-11.700000,-5.869231,-1.570796
158.700,-11.700000,-5.903846,-1.570796
158.800,-11.700000,-5.938462,-1.570796
158.900,-11.700000,-5.973077,-1.570796
159.000,-11.700000,-6.007692,-1.570796
159.100,-11.700000,-6.042308,-1.570796
159.200,-11.700000,-6.076923,-1.570796
159.300,-11.700000,-6.111538,-1.570796
159.400,-11.700000,-6.146154,-1.570796
159.500,-11.700000,-6.180769,-1.570796
159.600,-11.700000,-6.215385,-1.570796
159.700,-11.700000,-6.250000,-1.570796
159.800,-11.700000,-6.284615,-1.570796
159.900,-11.700000,-6.319231,-1.570796
160.000,-11.700000,-6.353846,-1.570796
160.100,-11.700000,-6.388462,-1.570796
160.200,-11.700000,-6.423077,-1.570796
160.300,-11.700000,-6.457692,-1.570796
160.400,-11.700000,-6.492308,-1.570796
160.500,-11.700000,-6.526923,-1.570796
160.600,-11.700000,-6.561538,-1.570796
160.700,-11.700000,-6.596154,-1.570796
160.800,-11.700000,-6.630769,-1.570796
160.900,-11.700000,-6.665385,-1.570796
161.000,-11.700000,-6.700000,-1.570796
161.100,-11.700000,-6.734615,-1.570796
161.200,-11.700000,-6.769231,-1.570796
161.300,-11.700000,-6.803846,-1.570796
161.400,-11.700000,-6.838462,-1.570796
161.500,-11.700000,-6.873077,-1.570796
161.600,-11.700000,-6.907692,-1.570796
161.700,-11.700000,-6.942308,-1.570796
161.800,-11.700000,-6.976923,-1.570796
161.900,-11.700000,-7.011538,-1.570796
162.000,-11.700000,-7.046154,-1.570796
162.100,-11.700000,-7.080769,-1.570796
162.200,-11.700000,-7.115385,-1.570796
162.300,-11.700000,-7.150000,-1.570796
162.400,-11.700000,-7.184615,-1.570796
162.500,-11.700000,-7.219231,-1.570796
162.600,-11.700000,-7.253846,-1.570796
162.700,-11.700000,-7.288462,-1.570796
162.800,-11.700000,-7.323077,-1.570796
162.900,-11.700000,-7.357692,-1.570796
163.000,-11.700000,-7.392308,-1.570796
163.100,-11.700000,-7.426923,-1.570796
163.200,-11.700000,-7.461538,-1.570796
163.300,-11.700000,-7.496154,-1.570796
163.400,-11.700000,-7.530769,-1.570796
163.500,-11.700000,-7.565385,-1.570796
163.600,-11.700000,-7.600000,-1.570796
163.700,-11.700000,-7.634615,-1.570796
163.800,-11.700000,-7.669231,-1.570796
163.900,-11.700000,-7.703846,-1.570796
164.000,-11.700000,-7.738462,-1.570796
164.100,-11.700000,-7.773077,-1.570796
164.200,-11.700000,-7.807692,-1.570796
164.300,-11.700000,-7.842308,-1.570796
164.400,-11.700000,-7.876923,-1.570796
164.500,-11.700000,-7.911538,-1.570796
164.600,-11.700000,-7.946154,-1.570796
164.700,-11.700000,-7.980769,-1.570796
164.800,-11.700000,-8.015385,-1.570796
164.900,-11.700000,-8.050000,-1.570796
165.000,-11.700000,-8.084615,-1.570796
165.100,-11.700000,-8.119231,-1.570796
165.200,-11.700000,-8.153846,-1.570796
165.300,-11.700000,-8.188462,-1.570796
165.400,-11.700000,-8.223077,-1.570796
165.500,-11.700000,-8.257692,-1.570796
165.600,-11.700000,-8.292308,-1.570796
165.700,-11.700000,-8.326923,-1.570796
165.800,-11.700000,-8.361538,-1.570796
165.900,-11.700000,-8.396154,-1.570796
166.000,-11.700000,-8.430769,-1.570796
166.100,-11.700000,-8.465385,-1.570796
166.200,-11.700000,-8.500000,-1.570796
166.300,-11.700000,-8.534615,-1.570796
166.400,-11.700000,-8.569231,-1.570796
166.500,-11.700000,-8.603846,-1.570796
166.600,-11.700000,-8.638462,-1.570796
166.700,-11.700000,-8.673077,-1.570796
166.800,-11.700000,-8.707692,-1.570796
166.900,-11.700000,-8.742308,-1.570796
167.000,-11.700000,-8.776923,-1.570796
167.100,-11.700000,-8.811538,-1.570796
167.200,-11.700000,-8.846154,-1.570796
167.300,-11.700000,-8.880769,-1.570796
167.400,-11.700000,-8.915385,-1.570796
167.500,-11.700000,-8.950000,-1.570796
167.600,-11.700000,-8.984615,-1.570796
167.700,-11.700000,-9.019231,-1.570796
167.800,-11.700000,-9.053846,-1.570796
167.900,-11.700000,-9.088462,-1.570796
168.000,-11.700000,-9.123077,-1.570796
168.100,-11.700000,-9.157692,-1.570796
168.200,-11.700000,-9.192308,-1.570796
168.300,-11.700000,-9.226923,-1.570796
168.400,-11.700000,-9.261538,-1.570796
168.500,-11.700000,-9.296154,-1.570796
168.600,-11.700000,-9.330769,-1.570796
168.700,-11.700000,-9.365385,-1.570796
168.800,-11.700000,-9.400000,-1.570796
168.900,-11.700000,-9.434615,-1.570796
169.000,-11.700000,-9.469231,-1.570796
169.100,-11.700000,-9.503846,-1.570796
169.200,-11.700000,-9.538462,-1.570796
169.300,-11.700000,-9.573077,-1.570796
169.400,-11.700000,-9.607692,-1.570796
169.500,-11.700000,-9.642308,-1.570796
169.600,-11.700000,-9.676923,-1.570796
169.700,-11.700000,-9.711538,-1.570796
169.800,-11.700000,-9.746154,-1.570796
169.900,-11.700000,-9.780769,-1.570796
170.000,-11.700000,-9.815385,-1.570796
170.100,-11.700000,-9.850000,-1.570796
170.200,-11.700000,-9.884615,-1.570796
170.300,-11.700000,-9.919231,-1.570796
170.400,-11.700000,-9.953846,-1.570796
170.500,-11.700000,-9.988462,-1.570796
170.600,-11.700000,-10.023077,-1.570796
170.700,-11.700000,-10.057692,-1.570796
170.800,-11.700000,-10.092308,-1.570796
170.900,-11.700000,-10.126923,-1.570796
171.000,-11.700000,-10.161538,-1.570796
171.100,-11.700000,-10.196154,-1.570796
171.200,-11.700000,-10.230769,-1.570796
171.300,-11.700000,-10.265385,-1.570796
171.400,-11.700000,-10.300000,-1.570796
171.500,-11.700000,-10.334615,-1.570796
171.600,-11.700000,-10.369231,-1.570796
171.700,-11.700000,-10.403846,-1.570796
171.800,-11.700000,-10.438462,-1.570796
171.900,-11.700000,-10.473077,-1.570796
172.000,-11.700000,-10.507692,-1.570796
172.100,-11.700000,-10.542308,-1.570796
172.200,-11.700000,-10.576923,-1.570796
172.300,-11.700000,-10.611538,-1.570796
172.400,-11.700000,-10.646154,-1.570796
172.500,-11.700000,-10.680769,-1.570796
172.600,-11.700000,-10.715385,-1.570796
172.700,-11.700000,-10.750000,-1.570796
172.800,-11.700000,-10.784615,-1.570796
172.900,-11.700000,-10.819231,-1.570796
173.000,-11.700000,-10.853846,-1.570796
173.100,-11.700000,-10.888462,-1.570796
173.200,-11.700000,-10.923077,-1.570796
173.300,-11.700000,-10.957692,-1.570796
173.400,-11.700000,-10.992308,-1.570796
173.500,-11.700000,-11.026923,-1.570796
173.600,-11.700000,-11.061538,-1.570796
173.700,-11.700000,-11.096154,-1.570796
173.800,-11.700000,-11.130769,-1.570796
173.900,-11.700000,-11.165385,-1.570796
174.000,-11.700000,-11.200000,-1.570796
174.100,-11.700000,-11.234615,-1.570796
174.200,-11.700000,-11.269231,-1.570796
174.300,-11.700000,-11.303846,-1.570796
174.400,-11.700000,-11.338462,-1.570796
174.500,-11.700000,-11.373077,-1.570796
174.600,-11.700000,-11.407692,-1.570796
174.700,-11.700000,-11.442308,-1.570796
174.800,-11.700000,-11.476923,-1.570796
174.900,-11.700000,-11.511538,-1.570796
175.000,-11.700000,-11.546154,-1.570796
175.100,-11.700000,-11.580769,-1.570796
175.200,-11.700000,-11.615385,-1.570796
175.300,-11.700000,-11.650000,-0.055499
175.400,-11.665385,-11.651923,-0.055499
175.500,-11.630769,-11.653846,-0.055499
175.600,-11.596154,-11.655769,-0.055499
175.700,-11.561538,-11.657692,-0.055499
175.800,-11.526923,-11.659615,-0.055499
175.900,-11.492308,-11.661538,-0.055499
176.000,-11.457692,-11.663462,-0.055499
176.100,-11.423077,-11.665385,-0.055499
176.200,-11.388462,-11.667308,-0.055499
176.300,-11.353846,-11.669231,-0.055499
176.400,-11.319231,-11.671154,-0.055499
176.500,-11.284615,-11.673077,-0.055499
176.600,-11.250000,-11.675000,-0.055499
176.700,-11.215385,-11.676923,-0.055499
176.800,-11.180769,-11.678846,-0.055499
176.900,-11.146154,-11.680769,-0.055499
177.000,-11.111538,-11.682692,-0.055499
177.100,-11.076923,-11.684615,-0.055499
177.200,-11.042308,-11.686538,-0.055499
177.300,-11.007692,-11.688462,-0.055499
177.400,-10.973077,-11.690385,-0.055499
177.500,-10.938462,-11.692308,-0.055499
177.600,-10.903846,-11.694231,-0.055499
177.700,-10.869231,-11.696154,-0.055499
177.800,-10.834615,-11.698077,-0.055499
177.900,-10.800000,-11.700000,0.000000
178.000,-10.765385,-11.700000,0.000000
178.100,-10.730769,-11.700000,0.000000
178.200,-10.696154,-11.700000,0.000000
178.300,-10.661538,-11.700000,0.000000
178.400,-10.626923,-11.700000,0.000000
178.500,-10.592308,-11.700000,0.000000
178.600,-10.557692,-11.700000,0.000000
178.700,-10.523077,-11.700000,0.000000
178.800,-10.488462,-11.700000,0.000000
178.900,-10.453846,-11.700000,0.000000
179.000,-10.419231,-11.700000,0.000000
179.100,-10.384615,-11.700000,0.000000
179.200,-10.350000,-11.700000,0.000000
179.300,-10.315385,-11.700000,0.000000
179.400,-10.280769,-11.700000,0.000000
179.500,-10.246154,-11.700000,0.000000
179.600,-10.211538,-11.700000,0.000000
179.700,-10.176923,-11.700000,0.000000
179.800,-10.142308,-11.700000,0.000000
179.900,-10.107692,-11.700000,0.000000
180.000,-10.073077,-11.700000,0.000000
180.100,-10.038462,-11.700000,0.000000
180.200,-10.003846,-11.700000,0.000000
180.300,-9.969231,-11.700000,0.000000
180.400,-9.934615,-11.700000,0.000000
180.500,-9.900000,-11.700000,0.000000
180.600,-9.865385,-11.700000,0.000000
180.700,-9.830769,-11.700000,0.000000
180.800,-9.796154,-11.700000,0.000000
180.900,-9.761538,-11.700000,0.000000
181.000,-9.726923,-11.700000,0.000000
181.100,-9.692308,-11.700000,0.000000
181.200,-9.657692,-11.700000,0.000000
181.300,-9.623077,-11.700000,0.000000
181.400,-9.588462,-11.700000,0.000000
181.500,-9.553846,-11.700000,0.000000
181.600,-9.519231,-11.700000,0.000000
181.700,-9.484615,-11.700000,0.000000
181.800,-9.450000,-11.700000,0.000000
181.900,-9.415385,-11.700000,0.000000
182.000,-9.380769,-11.700000,0.000000
182.100,-9.346154,-11.700000,0.000000
182.200,-9.311538,-11.700000,0.000000
182.300,-9.276923,-11.700000,0.000000
182.400,-9.242308,-11.700000,0.000000
182.500,-9.207692,-11.700000,0.000000
182.600,-9.173077,-11.700000,0.000000
182.700,-9.138462,-11.700000,0.000000
182.800,-9.103846,-11.700000,0.000000
182.900,-9.069231,-11.700000,0.000000
183.000,-9.034615,-11.700000,0.000000
183.100,-9.000000,-11.700000,0.000000
183.200,-8.965385,-11.700000,0.000000
183.300,-8.930769,-11.700000,0.000000
183.400,-8.896154,-11.700000,0.000000
183.500,-8.861538,-11.700000,0.000000
183.600,-8.826923,-11.700000,0.000000
183.700,-8.792308,-11.700000,0.000000
183.800,-8.757692,-11.700000,0.000000
183.900,-8.723077,-11.700000,0.000000
184.000,-8.688462,-11.700000,0.000000
184.100,-8.653846,-11.700000,0.000000
184.200,-8.619231,-11.700000,0.000000
184.300,-8.584615,-11.700000,0.000000
184.400,-8.550000,-11.700000,0.000000
184.500,-8.515385,-11.700000,0.000000
184.600,-8.480769,-11.700000,0.000000
184.700,-8.446154,-11.700000,0.000000
184.800,-8.411538,-11.700000,0.000000
184.900,-8.376923,-11.700000,0.000000
185.000,-8.342308,-11.700000,0.000000
185.100,-8.307692,-11.700000,0.000000
185.200,-8.273077,-11.700000,0.000000
185.300,-8.238462,-11.700000,0.000000
185.400,-8.203846,-11.700000,0.000000
185.500,-8.169231,-11.700000,0.000000
185.600,-8.134615,-11.700000,0.000000
185.700,-8.100000,-11.700000,0.000000
185.800,-8.065385,-11.700000,0.000000
185.900,-8.030769,-11.700000,0.000000
186.000,-7.996154,-11.700000,0.000000
186.100,-7.961538,-11.700000,0.000000
186.200,-7.926923,-11.700000,0.000000
186.300,-7.892308,-11.700000,0.000000
186.400,-7.857692,-11.700000,0.000000
186.500,-7.823077,-11.700000,0.000000
186.600,-7.788462,-11.700000,0.000000
186.700,-7.753846,-11.700000,0.000000
186.800,-7.719231,-11.700000,0.000000
186.900,-7.684615,-11.700000,0.000000
187.000,-7.650000,-11.700000,0.000000
187.100,-7.615385,-11.700000,0.000000
187.200,-7.580769,-11.700000,0.000000
187.300,-7.546154,-11.700000,0.000000
187.400,-7.511538,-11.700000,0.000000
187.500,-7.476923,-11.700000,0.000000
187.600,-7.442308,-11.700000,0.000000
187.700,-7.407692,-11.700000,0.000000
187.800,-7.373077,-11.700000,0.000000
187.900,-7.338462,-11.700000,0.000000
188.000,-7.303846,-11.700000,0.000000
188.100,-7.269231,-11.700000,0.000000
188.200,-7.234615,-11.700000,0.000000
188.300,-7.200000,-11.700000,0.000000
188.400,-7.165385,-11.700000,0.000000
188.500,-7.130769,-11.700000,0.000000
188.600,-7.096154,-11.700000,0.000000
188.700,-7.061538,-11.700000,0.000000
188.800,-7.026923,-11.700000,0.000000
188.900,-6.992308,-11.700000,0.000000
189.000,-6.957692,-11.700000,0.000000
189.100,-6.923077,-11.700000,0.000000
189.200,-6.888462,-11.700000,0.000000
189.300,-6.853846,-11.700000,0.000000
189.400,-6.819231,-11.700000,0.000000
189.500,-6.784615,-11.700000,0.000000
189.600,-6.750000,-11.700000,0.000000
189.700,-6.715385,-11.700000,0.000000
189.800,-6.680769,-11.700000,0.000000
189.900,-6.646154,-11.700000,0.000000
190.000,-6.611538,-11.700000,0.000000
190.100,-6.576923,-11.700000,0.000000
190.200,-6.542308,-11.700000,0.000000
190.300,-6.507692,-11.700000,0.000000
190.400,-6.473077,-11.700000,0.000000
190.500,-6.438462,-11.700000,0.000000
190.600,-6.403846,-11.700000,0.000000
190.700,-6.369231,-11.700000,0.000000
190.800,-6.334615,-11.700000,0.000000
190.900,-6.300000,-11.700000,-0.321751
191.000,-6.267857,-11.710714,-0.321751
191.100,-6.235714,-11.721429,-0.321751
191.200,-6.203571,-11.732143,-0.321751
191.300,-6.171429,-11.742857,-0.321751
191.400,-6.139286,-11.753571,-0.321751
191.500,-6.107143,-11.764286,-0.321751
191.600,-6.075000,-11.775000,-0.321751
191.700,-6.042857,-11.785714,-0.321751
191.800,-6.010714,-11.796429,-0.321751
191.900,-5.978571,-11.807143,-0.321751
192.000,-5.946429,-11.817857,-0.321751
192.100,-5.914286,-11.828571,-0.321751
192.200,-5.882143,-11.839286,-0.321751
192.300,-5.850000,-11.850000,-0.321751
192.400,-5.817857,-11.860714,-0.321751
192.500,-5.785714,-11.871429,-0.321751
192.600,-5.753571,-11.882143,-0.321751
192.700,-5.721429,-11.892857,-0.321751
192.800,-5.689286,-11.903571,-0.321751
192.900,-5.657143,-11.914286,-0.321751
193.000,-5.625000,-11.925000,-0.321751
193.100,-5.592857,-11.935714,-0.321751
193.200,-5.560714,-11.946429,-0.321751
193.300,-5.528571,-11.957143,-0.321751
193.400,-5.496429,-11.967857,-0.321751
193.500,-5.464286,-11.978571,-0.321751
193.600,-5.432143,-11.989286,-0.321751
193.700,-5.400000,-12.000000,0.000000
193.800,-5.365385,-12.000000,0.000000
193.900,-5.330769,-12.000000,0.000000
194.000,-5.296154,-12.000000,0.000000
194.100,-5.261538,-12.000000,0.000000
194.200,-5.226923,-12.000000,0.000000
194.300,-5.192308,-12.000000,0.000000
194.400,-5.157692,-12.000000,0.000000
194.500,-5.123077,-12.000000,0.000000
194.600,-5.088462,-12.000000,0.000000
194.700,-5.053846,-12.000000,0.000000
194.800,-5.019231,-12.000000,0.000000
194.900,-4.984615,-12.000000,0.000000
195.000,-4.950000,-12.000000,0.000000
195.100,-4.915385,-12.000000,0.000000
195.200,-4.880769,-12.000000,0.000000
195.300,-4.846154,-12.000000,0.000000
195.400,-4.811538,-12.000000,0.000000
195.500,-4.776923,-12.000000,0.000000
195.600,-4.742308,-12.000000,0.000000
195.700,-4.707692,-12.000000,0.000000
195.800,-4.673077,-12.000000,0.000000
195.900,-4.638462,-12.000000,0.000000
196.000,-4.603846,-12.000000,0.000000
196.100,-4.569231,-12.000000,0.000000
196.200,-4.534615,-12.000000,0.000000
196.300,-4.500000,-12.000000,0.000000
196.400,-4.465385,-12.000000,0.000000
196.500,-4.430769,-12.000000,0.000000
196.600,-4.396154,-12.000000,0.000000
196.700,-4.361538,-12.000000,0.000000
196.800,-4.326923,-12.000000,0.000000
196.900,-4.292308,-12.000000,0.000000
197.000,-4.257692,-12.000000,0.000000
197.100,-4.223077,-12.000000,0.000000
197.200,-4.188462,-12.000000,0.000000
197.300,-4.153846,-12.000000,0.000000
197.400,-4.119231,-12.000000,0.000000
197.500,-4.084615,-12.000000,0.000000
197.600,-4.050000,-12.000000,0.000000
197.700,-4.015385,-12.000000,0.000000
197.800,-3.980769,-12.000000,0.000000
197.900,-3.946154,-12.000000,0.000000
198.000,-3.911538,-12.000000,0.000000
198.100,-3.876923,-12.000000,0.000000
198.200,-3.842308,-12.000000,0.000000
198.300,-3.807692,-12.000000,0.000000
198.400,-3.773077,-12.000000,0.000000
198.500,-3.738462,-12.000000,0.000000
198.600,-3.703846,-12.000000,0.000000
198.700,-3.669231,-12.000000,0.000000
198.800,-3.634615,-12.000000,0.000000
198.900,-3.600000,-12.000000,0.000000
199.000,-3.565385,-12.000000,0.000000
199.100,-3.530769,-12.000000,0.000000
199.200,-3.496154,-12.000000,0.000000
199.300,-3.461538,-12.000000,0.000000
199.400,-3.426923,-12.000000,0.000000
199.500,-3.392308,-12.000000,0.000000
199.600,-3.357692,-12.000000,0.000000
199.700,-3.323077,-12.000000,0.000000
199.800,-3.288462,-12.000000,0.000000
199.900,-3.253846,-12.000000,0.000000
200.000,-3.219231,-12.000000,0.000000
200.100,-3.184615,-12.000000,0.000000
200.200,-3.150000,-12.000000,0.000000
200.300,-3.115385,-12.000000,0.000000
200.400,-3.080769,-12.000000,0.000000
200.500,-3.046154,-12.000000,0.000000
200.600,-3.011538,-12.000000,0.000000
200.700,-2.976923,-12.000000,0.000000
200.800,-2.942308,-12.000000,0.000000
200.900,-2.907692,-12.000000,0.000000
201.000,-2.873077,-12.000000,0.000000
201.100,-2.838462,-12.000000,0.000000
201.200,-2.803846,-12.000000,0.000000
201.300,-2.769231,-12.000000,0.000000
201.400,-2.734615,-12.000000,0.000000
201.500,-2.700000,-12.000000,0.000000
201.600,-2.665385,-12.000000,0.000000
201.700,-2.630769,-12.000000,0.000000
201.800,-2.596154,-12.000000,0.000000
201.900,-2.561538,-12.000000,0.000000
202.000,-2.526923,-12.000000,0.000000
202.100,-2.492308,-12.000000,0.000000
202.200,-2.457692,-12.000000,0.000000
202.300,-2.423077,-12.000000,0.000000
202.400,-2.388462,-12.000000,0.000000
202.500,-2.353846,-12.000000,0.000000
202.600,-2.319231,-12.000000,0.000000
202.700,-2.284615,-12.000000,0.000000
202.800,-2.250000,-12.000000,0.000000
202.900,-2.215385,-12.000000,0.000000
203.000,-2.180769,-12.000000,0.000000
203.100,-2.146154,-12.000000,0.000000
203.200,-2.111538,-12.000000,0.000000
203.300,-2.076923,-12.000000,0.000000
203.400,-2.042308,-12.000000,0.000000
203.500,-2.007692,-12.000000,0.000000
203.600,-1.973077,-12.000000,0.000000
203.700,-1.938462,-12.000000,0.000000
203.800,-1.903846,-12.000000,0.000000
203.900,-1.869231,-12.000000,0.000000
204.000,-1.834615,-12.000000,0.000000
204.100,-1.800000,-12.000000,0.000000
204.200,-1.765385,-12.000000,0.000000
204.300,-1.730769,-12.000000,0.000000
204.400,-1.696154,-12.000000,0.000000
204.500,-1.661538,-12.000000,0.000000
204.600,-1.626923,-12.000000,0.000000
204.700,-1.592308,-12.000000,0.000000
204.800,-1.557692,-12.000000,0.000000
204.900,-1.523077,-12.000000,0.000000
205.000,-1.488462,-12.000000,0.000000
205.100,-1.453846,-12.000000,0.000000
205.200,-1.419231,-12.000000,0.000000
205.300,-1.384615,-12.000000,0.000000
205.400,-1.350000,-12.000000,0.000000
205.500,-1.315385,-12.000000,0.000000
205.600,-1.280769,-12.000000,0.000000
205.700,-1.246154,-12.000000,0.000000
205.800,-1.211538,-12.000000,0.000000
205.900,-1.176923,-12.000000,0.000000
206.000,-1.142308,-12.000000,0.000000
206.100,-1.107692,-12.000000,0.000000
206.200,-1.073077,-12.000000,0.000000
206.300,-1.038462,-12.000000,0.000000
206.400,-1.003846,-12.000000,0.000000
206.500,-0.969231,-12.000000,0.000000
206.600,-0.934615,-12.000000,0.000000
206.700,-0.900000,-12.000000,0.000000
206.800,-0.865385,-12.000000,0.000000
206.900,-0.830769,-12.000000,0.000000
207.000,-0.796154,-12.000000,0.000000
207.100,-0.761538,-12.000000,0.000000
207.200,-0.726923,-12.000000,0.000000
207.300,-0.692308,-12.000000,0.000000
207.400,-0.657692,-12.000000,0.000000
207.500,-0.623077,-12.000000,0.000000
207.600,-0.588462,-12.000000,0.000000
207.700,-0.553846,-12.000000,0.000000
207.800,-0.519231,-12.000000,0.000000
207.900,-0.484615,-12.000000,0.000000
208.000,-0.450000,-12.000000,0.000000
208.100,-0.415385,-12.000000,0.000000
208.200,-0.380769,-12.000000,0.000000
208.300,-0.346154,-12.000000,0.000000
208.400,-0.311538,-12.000000,0.000000
208.500,-0.276923,-12.000000,0.000000
208.600,-0.242308,-12.000000,0.000000
208.700,-0.207692,-12.000000,0.000000
208.800,-0.173077,-12.000000,0.000000
208.900,-0.138462,-12.000000,0.000000
209.000,-0.103846,-12.000000,0.000000
209.100,-0.069231,-12.000000,0.000000
209.200,-0.034615,-12.000000,0.000000
209.300,0.000000,-12.000000,0.000000
209.400,0.034615,-12.000000,0.000000
209.500,0.069231,-12.000000,0.000000
209.600,0.103846,-12.000000,0.000000
209.700,0.138462,-12.000000,0.000000
209.800,0.173077,-12.000000,0.000000
209.900,0.207692,-12.000000,0.000000
210.000,0.242308,-12.000000,0.000000
210.100,0.276923,-12.000000,0.000000
210.200,0.311538,-12.000000,0.000000
210.300,0.346154,-12.000000,0.000000
210.400,0.380769,-12.000000,0.000000
210.500,0.415385,-12.000000,0.000000
210.600,0.450000,-12.000000,0.000000
210.700,0.484615,-12.000000,0.000000
210.800,0.519231,-12.000000,0.000000
210.900,0.553846,-12.000000,0.000000
211.000,0.588462,-12.000000,0.000000
211.100,0.623077,-12.000000,0.000000
211.200,0.657692,-12.000000,0.000000
211.300,0.692308,-12.000000,0.000000
211.400,0.726923,-12.000000,0.000000
211.500,0.761538,-12.000000,0.000000
211.600,0.796154,-12.000000,0.000000
211.700,0.830769,-12.000000,0.000000
211.800,0.865385,-12.000000,0.000000
211.900,0.900000,-12.000000,0.000000
212.000,0.934615,-12.000000,0.000000
212.100,0.969231,-12.000000,0.000000
212.200,1.003846,-12.000000,0.000000
212.300,1.038462,-12.000000,0.000000
212.400,1.073077,-12.000000,0.000000
212.500,1.107692,-12.000000,0.000000
212.600,1.142308,-12.000000,0.000000
212.700,1.176923,-12.000000,0.000000
212.800,1.211538,-12.000000,0.000000
212.900,1.246154,-12.000000,0.000000
213.000,1.280769,-12.000000,0.000000
213.100,1.315385,-12.000000,0.000000
213.200,1.350000,-12.000000,0.000000
213.300,1.384615,-12.000000,0.000000
213.400,1.419231,-12.000000,0.000000
213.500,1.453846,-12.000000,0.000000
213.600,1.488462,-12.000000,0.000000
213.700,1.523077,-12.000000,0.000000
213.800,1.557692,-12.000000,0.000000
213.900,1.592308,-12.000000,0.000000
214.000,1.626923,-12.000000,0.000000
214.100,1.661538,-12.000000,0.000000
214.200,1.696154,-12.000000,0.000000
214.300,1.730769,-12.000000,0.000000
214.400,1.765385,-12.000000,0.000000
214.500,1.800000,-12.000000,0.000000
214.600,1.834615,-12.000000,0.000000
214.700,1.869231,-12.000000,0.000000
214.800,1.903846,-12.000000,0.000000
214.900,1.938462,-12.000000,0.000000
215.000,1.973077,-12.000000,0.000000
215.100,2.007692,-12.000000,0.000000
215.200,2.042308,-12.000000,0.000000
215.300,2.076923,-12.000000,0.000000
215.400,2.111538,-12.000000,0.000000
215.500,2.146154,-12.000000,0.000000
215.600,2.180769,-12.000000,0.000000
215.700,2.215385,-12.000000,0.000000
215.800,2.250000,-12.000000,0.000000
215.900,2.284615,-12.000000,0.000000
216.000,2.319231,-12.000000,0.000000
216.100,2.353846,-12.000000,0.000000
216.200,2.388462,-12.000000,0.000000
216.300,2.423077,-12.000000,0.000000
216.400,2.457692,-12.000000,0.000000
216.500,2.492308,-12.000000,0.000000
216.600,2.526923,-12.000000,0.000000
216.700,2.561538,-12.000000,0.000000
216.800,2.596154,-12.000000,0.000000
216.900,2.630769,-12.000000,0.000000
217.000,2.665385,-12.000000,0.000000
217.100,2.700000,-12.000000,0.000000
217.200,2.734615,-12.000000,0.000000
217.300,2.769231,-12.000000,0.000000
217.400,2.803846,-12.000000,0.000000
217.500,2.838462,-12.000000,0.000000
217.600,2.873077,-12.000000,0.000000
217.700,2.907692,-12.000000,0.000000
217.800,2.942308,-12.000000,0.000000
217.900,2.976923,-12.000000,0.000000
218.000,3.011538,-12.000000,0.000000
218.100,3.046154,-12.000000,0.000000
218.200,3.080769,-12.000000,0.000000
218.300,3.115385,-12.000000,0.000000
218.400,3.150000,-12.000000,0.000000
218.500,3.184615,-12.000000,0.000000
218.600,3.219231,-12.000000,0.000000
218.700,3.253846,-12.000000,0.000000
218.800,3.288462,-12.000000,0.000000
218.900,3.323077,-12.000000,0.000000
219.000,3.357692,-12.000000,0.000000
219.100,3.392308,-12.000000,0.000000
219.200,3.426923,-12.000000,0.000000
219.300,3.461538,-12.000000,0.000000
219.400,3.496154,-12.000000,0.000000
219.500,3.530769,-12.000000,0.000000
219.600,3.565385,-12.000000,0.000000
219.700,3.600000,-12.000000,0.000000
219.800,3.634615,-12.000000,0.000000
219.900,3.669231,-12.000000,0.000000
220.000,3.703846,-12.000000,0.000000
220.100,3.738462,-12.000000,0.000000
220.200,3.773077,-12.000000,0.000000
220.300,3.807692,-12.000000,0.000000
220.400,3.842308,-12.000000,0.000000
220.500,3.876923,-12.000000,0.000000
220.600,3.911538,-12.000000,0.000000
220.700,3.946154,-12.000000,0.000000
220.800,3.980769,-12.000000,0.000000
220.900,4.015385,-12.000000,0.000000
221.000,4.050000,-12.000000,0.000000
221.100,4.084615,-12.000000,0.000000
221.200,4.119231,-12.000000,0.000000
221.300,4.153846,-12.000000,0.000000
221.400,4.188462,-12.000000,0.000000
221.500,4.223077,-12.000000,0.000000
221.600,4.257692,-12.000000,0.000000
221.700,4.292308,-12.000000,0.000000
221.800,4.326923,-12.000000,0.000000
221.900,4.361538,-12.000000,0.000000
222.000,4.396154,-12.000000,0.000000
222.100,4.430769,-12.000000,0.000000
222.200,4.465385,-12.000000,0.000000
222.300,4.500000,-12.000000,0.000000
222.400,4.534615,-12.000000,0.000000
222.500,4.569231,-12.000000,0.000000
222.600,4.603846,-12.000000,0.000000
222.700,4.638462,-12.000000,0.000000
222.800,4.673077,-12.000000,0.000000
222.900,4.707692,-12.000000,0.000000
223.000,4.742308,-12.000000,0.000000
223.100,4.776923,-12.000000,0.000000
223.200,4.811538,-12.000000,0.000000
223.300,4.846154,-12.000000,0.000000
223.400,4.880769,-12.000000,0.000000
223.500,4.915385,-12.000000,0.000000
223.600,4.950000,-12.000000,0.000000
223.700,4.984615,-12.000000,0.000000
223.800,5.019231,-12.000000,0.000000
223.900,5.053846,-12.000000,0.000000
224.000,5.088462,-12.000000,0.000000
224.100,5.123077,-12.000000,0.000000
224.200,5.157692,-12.000000,0.000000
224.300,5.192308,-12.000000,0.000000
224.400,5.226923,-12.000000,0.000000
224.500,5.261538,-12.000000,0.000000
224.600,5.296154,-12.000000,0.000000
224.700,5.330769,-12.000000,0.000000
224.800,5.365385,-12.000000,0.000000
224.900,5.400000,-12.000000,0.390607
225.000,5.431481,-11.987037,0.390607
225.100,5.462963,-11.974074,0.390607
225.200,5.494444,-11.961111,0.390607
225.300,5.525926,-11.948148,0.390607
225.400,5.557407,-11.935185,0.390607
225.500,5.588889,-11.922222,0.390607
225.600,5.620370,-11.909259,0.390607
225.700,5.651852,-11.896296,0.390607
225.800,5.683333,-11.883333,0.390607
225.900,5.714815,-11.870370,0.390607
226.000,5.746296,-11.857407,0.390607
226.100,5.777778,-11.844444,0.390607
226.200,5.809259,-11.831481,0.390607
226.300,5.840741,-11.818519,0.390607
226.400,5.872222,-11.805556,0.390607
226.500,5.903704,-11.792593,0.390607
226.600,5.935185,-11.779630,0.390607
226.700,5.966667,-11.766667,0.390607
226.800,5.998148,-11.753704,0.390607
226.900,6.029630,-11.740741,0.390607
227.000,6.061111,-11.727778,0.390607
227.100,6.092593,-11.714815,0.390607
227.200,6.124074,-11.701852,0.390607
227.300,6.155556,-11.688889,0.390607
227.400,6.187037,-11.675926,0.390607
227.500,6.218519,-11.662963,0.390607
227.600,6.250000,-11.650000,0.000000
227.700,6.284615,-11.650000,0.000000
227.800,6.319231,-11.650000,0.000000
227.900,6.353846,-11.650000,0.000000
228.000,6.388462,-11.650000,0.000000
228.100,6.423077,-11.650000,0.000000
228.200,6.457692,-11.650000,0.000000
228.300,6.492308,-11.650000,0.000000
228.400,6.526923,-11.650000,0.000000
228.500,6.561538,-11.650000,0.000000
228.600,6.596154,-11.650000,0.000000
228.700,6.630769,-11.650000,0.000000
228.800,6.665385,-11.650000,0.000000
228.900,6.700000,-11.650000,0.000000
229.000,6.734615,-11.650000,0.000000
229.100,6.769231,-11.650000,0.000000
229.200,6.803846,-11.650000,0.000000
229.300,6.838462,-11.650000,0.000000
229.400,6.873077,-11.650000,0.000000
229.500,6.907692,-11.650000,0.000000
229.600,6.942308,-11.650000,0.000000
229.700,6.976923,-11.650000,0.000000
229.800,7.011538,-11.650000,0.000000
229.900,7.046154,-11.650000,0.000000
230.000,7.080769,-11.650000,0.000000
230.100,7.115385,-11.650000,0.000000
230.200,7.150000,-11.650000,0.000000
230.300,7.184615,-11.650000,0.000000
230.400,7.219231,-11.650000,0.000000
230.500,7.253846,-11.650000,0.000000
230.600,7.288462,-11.650000,0.000000
230.700,7.323077,-11.650000,0.000000
230.800,7.357692,-11.650000,0.000000
230.900,7.392308,-11.650000,0.000000
231.000,7.426923,-11.650000,0.000000
231.100,7.461538,-11.650000,0.000000
231.200,7.496154,-11.650000,0.000000
231.300,7.530769,-11.650000,0.000000
231.400,7.565385,-11.650000,0.000000
231.500,7.600000,-11.650000,0.000000
231.600,7.634615,-11.650000,0.000000
231.700,7.669231,-11.650000,0.000000
231.800,7.703846,-11.650000,0.000000
231.900,7.738462,-11.650000,0.000000
232.000,7.773077,-11.650000,0.000000
232.100,7.807692,-11.650000,0.000000
232.200,7.842308,-11.650000,0.000000
232.300,7.876923,-11.650000,0.000000
232.400,7.911538,-11.650000,0.000000
232.500,7.946154,-11.650000,0.000000
232.600,7.980769,-11.650000,0.000000
232.700,8.015385,-11.650000,0.000000
232.800,8.050000,-11.650000,0.000000
232.900,8.084615,-11.650000,0.000000
233.000,8.119231,-11.650000,0.000000
233.100,8.153846,-11.650000,0.000000
233.200,8.188462,-11.650000,0.000000
233.300,8.223077,-11.650000,0.000000
233.400,8.257692,-11.650000,0.000000
233.500,8.292308,-11.650000,0.000000
233.600,8.326923,-11.650000,0.000000
233.700,8.361538,-11.650000,0.000000
233.800,8.396154,-11.650000,0.000000
233.900,8.430769,-11.650000,0.000000
234.000,8.465385,-11.650000,0.000000
234.100,8.500000,-11.650000,0.000000
234.200,8.534615,-11.650000,0.000000
234.300,8.569231,-11.650000,0.000000
234.400,8.603846,-11.650000,0.000000
234.500,8.638462,-11.650000,0.000000
234.600,8.673077,-11.650000,0.000000
234.700,8.707692,-11.650000,0.000000
234.800,8.742308,-11.650000,0.000000
234.900,8.776923,-11.650000,0.000000
235.000,8.811538,-11.650000,0.000000
235.100,8.846154,-11.650000,0.000000
235.200,8.880769,-11.650000,0.000000
235.300,8.915385,-11.650000,0.000000
235.400,8.950000,-11.650000,0.000000
235.500,8.984615,-11.650000,0.000000
235.600,9.019231,-11.650000,0.000000
235.700,9.053846,-11.650000,0.000000
235.800,9.088462,-11.650000,0.000000
235.900,9.123077,-11.650000,0.000000
236.000,9.157692,-11.650000,0.000000
236.100,9.192308,-11.650000,0.000000
236.200,9.226923,-11.650000,0.000000
236.300,9.261538,-11.650000,0.000000
236.400,9.296154,-11.650000,0.000000
236.500,9.330769,-11.650000,0.000000
236.600,9.365385,-11.650000,0.000000
236.700,9.400000,-11.650000,0.000000
236.800,9.434615,-11.650000,0.000000
236.900,9.469231,-11.650000,0.000000
237.000,9.503846,-11.650000,0.000000
237.100,9.538462,-11.650000,0.000000
237.200,9.573077,-11.650000,0.000000
237.300,9.607692,-11.650000,0.000000
237.400,9.642308,-11.650000,0.000000
237.500,9.676923,-11.650000,0.000000
237.600,9.711538,-11.650000,0.000000
237.700,9.746154,-11.650000,0.000000
237.800,9.780769,-11.650000,0.000000
237.900,9.815385,-11.650000,0.000000
238.000,9.850000,-11.650000,0.000000
238.100,9.884615,-11.650000,0.000000
238.200,9.919231,-11.650000,0.000000
238.300,9.953846,-11.650000,0.000000
238.400,9.988462,-11.650000,0.000000
238.500,10.023077,-11.650000,0.000000
238.600,10.057692,-11.650000,0.000000
238.700,10.092308,-11.650000,0.000000
238.800,10.126923,-11.650000,0.000000
238.900,10.161538,-11.650000,0.000000
239.000,10.196154,-11.650000,0.000000
239.100,10.230769,-11.650000,0.000000
239.200,10.265385,-11.650000,0.000000
239.300,10.300000,-11.650000,0.000000
239.400,10.334615,-11.650000,0.000000
239.500,10.369231,-11.650000,0.000000
239.600,10.403846,-11.650000,0.000000
239.700,10.438462,-11.650000,0.000000
239.800,10.473077,-11.650000,0.000000
239.900,10.507692,-11.650000,0.000000
240.000,10.542308,-11.650000,0.000000
240.100,10.576923,-11.650000,0.000000
240.200,10.611538,-11.650000,0.000000
240.300,10.646154,-11.650000,0.000000
240.400,10.680769,-11.650000,0.000000
240.500,10.715385,-11.650000,0.000000
240.600,10.750000,-11.650000,0.058756
240.700,10.784000,-11.648000,0.058756
240.800,10.818000,-11.646000,0.058756
240.900,10.852000,-11.644000,0.058756
241.000,10.886000,-11.642000,0.058756
241.100,10.920000,-11.640000,0.058756
241.200,10.954000,-11.638000,0.058756
241.300,10.988000,-11.636000,0.058756
241.400,11.022000,-11.634000,0.058756
241.500,11.056000,-11.632000,0.058756
241.600,11.090000,-11.630000,0.058756
241.700,11.124000,-11.628000,0.058756
241.800,11.158000,-11.626000,0.058756
241.900,11.192000,-11.624000,0.058756
242.000,11.226000,-11.622000,0.058756
242.100,11.260000,-11.620000,0.058756
242.200,11.294000,-11.618000,0.058756
242.300,11.328000,-11.616000,0.058756
242.400,11.362000,-11.614000,0.058756
242.500,11.396000,-11.612000,0.058756
242.600,11.430000,-11.610000,0.058756
242.700,11.464000,-11.608000,0.058756
242.800,11.498000,-11.606000,0.058756
242.900,11.532000,-11.604000,0.058756
243.000,11.566000,-11.602000,0.058756
243.100,11.600000,-11.600000,0.058756
